{
 "allow_copy": 0, 
 "allow_import": 0, 
 "allow_rename": 0, 
 "creation": "2013-03-08 15:36:46", 
 "custom": 0, 
 "docstatus": 0, 
 "doctype": "DocType", 
 "fields": [
  {
   "allow_on_submit": 0, 
   "bold": 0, 
   "collapsible": 0, 
   "fieldname": "journal_entry", 
   "fieldtype": "Link", 
   "hidden": 0, 
   "ignore_user_permissions": 0, 
   "in_filter": 0, 
   "in_list_view": 1, 
   "label": "Journal Entry", 
   "length": 0, 
   "no_copy": 1, 
   "oldfieldname": "journal_voucher", 
   "oldfieldtype": "Link", 
   "options": "Journal Entry", 
   "permlevel": 0, 
   "print_hide": 0, 
   "print_width": "180px", 
   "read_only": 1, 
   "report_hide": 0, 
   "reqd": 0, 
   "search_index": 0, 
   "set_only_once": 0, 
   "unique": 0, 
   "width": "180px"
  }, 
  {
   "allow_on_submit": 0, 
   "bold": 0, 
   "collapsible": 0, 
   "fieldname": "jv_detail_no", 
   "fieldtype": "Data", 
   "hidden": 1, 
   "ignore_user_permissions": 0, 
   "in_filter": 0, 
   "in_list_view": 0, 
   "label": "Journal Entry Detail No", 
   "length": 0, 
   "no_copy": 1, 
   "oldfieldname": "jv_detail_no", 
   "oldfieldtype": "Date", 
   "permlevel": 0, 
   "print_hide": 1, 
   "print_width": "80px", 
   "read_only": 1, 
   "report_hide": 0, 
   "reqd": 0, 
   "search_index": 0, 
   "set_only_once": 0, 
   "unique": 0, 
   "width": "80px"
  }, 
  {
   "allow_on_submit": 0, 
   "bold": 0, 
   "collapsible": 0, 
   "fieldname": "remarks", 
   "fieldtype": "Small Text", 
   "hidden": 0, 
   "ignore_user_permissions": 0, 
   "in_filter": 0, 
   "in_list_view": 1, 
   "label": "Remarks", 
   "length": 0, 
   "no_copy": 1, 
   "oldfieldname": "remarks", 
   "oldfieldtype": "Small Text", 
   "permlevel": 0, 
   "print_hide": 0, 
   "print_width": "150px", 
   "read_only": 1, 
   "report_hide": 0, 
   "reqd": 0, 
   "search_index": 0, 
   "set_only_once": 0, 
   "unique": 0, 
   "width": "150px"
  }, 
  {
   "allow_on_submit": 0, 
   "bold": 0, 
   "collapsible": 0, 
   "fieldname": "col_break1", 
   "fieldtype": "Column Break", 
   "hidden": 0, 
   "ignore_user_permissions": 0, 
   "in_filter": 0, 
   "in_list_view": 0, 
   "length": 0, 
   "no_copy": 0, 
   "permlevel": 0, 
   "print_hide": 0, 
   "read_only": 0, 
   "report_hide": 0, 
   "reqd": 0, 
   "search_index": 0, 
   "set_only_once": 0, 
   "unique": 0
  }, 
  {
   "allow_on_submit": 0, 
   "bold": 0, 
   "collapsible": 0, 
   "fieldname": "advance_amount", 
   "fieldtype": "Currency", 
   "hidden": 0, 
   "ignore_user_permissions": 0, 
   "in_filter": 0, 
   "in_list_view": 1, 
   "label": "Advance Amount", 
   "length": 0, 
   "no_copy": 1, 
   "oldfieldname": "advance_amount", 
   "oldfieldtype": "Currency", 
   "options": "party_account_currency", 
   "permlevel": 0, 
   "print_hide": 0, 
   "print_width": "100px", 
   "read_only": 1, 
   "report_hide": 0, 
   "reqd": 0, 
   "search_index": 0, 
   "set_only_once": 0, 
   "unique": 0, 
   "width": "100px"
  }, 
  {
   "allow_on_submit": 0, 
   "bold": 0, 
   "collapsible": 0, 
   "fieldname": "allocated_amount", 
   "fieldtype": "Currency", 
   "hidden": 0, 
   "ignore_user_permissions": 0, 
   "in_filter": 0, 
   "in_list_view": 1, 
   "label": "Allocated Amount", 
   "length": 0, 
   "no_copy": 1, 
   "oldfieldname": "allocated_amount", 
   "oldfieldtype": "Currency", 
   "options": "party_account_currency", 
   "permlevel": 0, 
   "print_hide": 0, 
   "print_width": "100px", 
   "read_only": 0, 
   "report_hide": 0, 
   "reqd": 0, 
   "search_index": 0, 
   "set_only_once": 0, 
   "unique": 0, 
   "width": "100px"
  }
 ], 
 "hide_heading": 0, 
 "hide_toolbar": 0, 
 "idx": 1, 
 "in_create": 0, 
 "in_dialog": 0, 
 "is_submittable": 0, 
 "issingle": 0, 
 "istable": 1, 
 "max_attachments": 0, 
 "modified": "2015-11-16 06:29:53.288895", 
 "modified_by": "Administrator", 
 "module": "Accounts", 
 "name": "Purchase Invoice Advance", 
 "owner": "Administrator", 
 "permissions": [], 
 "read_only": 0, 
 "read_only_onload": 0
}