{
 "allow_copy": 0, 
 "allow_import": 0, 
 "allow_rename": 0, 
 "creation": "2014-07-09 16:13:35.452759", 
 "custom": 0, 
 "docstatus": 0, 
 "doctype": "DocType", 
 "document_type": "", 
 "fields": [
  {
   "allow_on_submit": 0, 
   "bold": 0, 
   "collapsible": 0, 
   "fieldname": "journal_entry", 
   "fieldtype": "Link", 
   "hidden": 0, 
   "ignore_user_permissions": 0, 
   "in_filter": 0, 
   "in_list_view": 1, 
   "label": "Journal Entry", 
   "length": 0, 
   "no_copy": 0, 
   "options": "Journal Entry", 
   "permlevel": 0, 
   "print_hide": 0, 
   "read_only": 1, 
   "report_hide": 0, 
   "reqd": 0, 
   "search_index": 0, 
   "set_only_once": 0, 
   "unique": 0
  }, 
  {
   "allow_on_submit": 0, 
   "bold": 0, 
   "collapsible": 0, 
   "fieldname": "posting_date", 
   "fieldtype": "Date", 
   "hidden": 0, 
   "ignore_user_permissions": 0, 
   "in_filter": 0, 
   "in_list_view": 1, 
   "label": "Posting Date", 
   "length": 0, 
   "no_copy": 0, 
   "permlevel": 0, 
   "print_hide": 0, 
   "read_only": 1, 
   "report_hide": 0, 
   "reqd": 0, 
   "search_index": 0, 
   "set_only_once": 0, 
   "unique": 0
  }, 
  {
   "allow_on_submit": 0, 
   "bold": 0, 
   "collapsible": 0, 
   "fieldname": "amount", 
   "fieldtype": "Currency", 
   "hidden": 0, 
   "ignore_user_permissions": 0, 
   "in_filter": 0, 
   "in_list_view": 1, 
   "label": "Amount", 
   "length": 0, 
   "no_copy": 0, 
   "permlevel": 0, 
   "print_hide": 0, 
   "read_only": 1, 
   "report_hide": 0, 
   "reqd": 0, 
   "search_index": 0, 
   "set_only_once": 0, 
   "unique": 0
  }, 
  {
   "allow_on_submit": 0, 
   "bold": 0, 
   "collapsible": 0, 
   "fieldname": "is_advance", 
   "fieldtype": "Data", 
   "hidden": 1, 
   "ignore_user_permissions": 0, 
   "in_filter": 0, 
   "in_list_view": 0, 
   "label": "Is Advance", 
   "length": 0, 
   "no_copy": 0, 
   "permlevel": 0, 
   "print_hide": 0, 
   "read_only": 1, 
   "report_hide": 0, 
   "reqd": 0, 
   "search_index": 0, 
   "set_only_once": 0, 
   "unique": 0
  }, 
  {
   "allow_on_submit": 0, 
   "bold": 0, 
   "collapsible": 0, 
   "fieldname": "voucher_detail_number", 
   "fieldtype": "Data", 
   "hidden": 1, 
   "ignore_user_permissions": 0, 
   "in_filter": 0, 
   "in_list_view": 0, 
   "label": "Voucher Detail Number", 
   "length": 0, 
   "no_copy": 0, 
   "permlevel": 0, 
   "print_hide": 0, 
   "read_only": 1, 
   "report_hide": 0, 
   "reqd": 0, 
   "search_index": 0, 
   "set_only_once": 0, 
   "unique": 0
  }, 
  {
   "allow_on_submit": 0, 
   "bold": 0, 
   "collapsible": 0, 
   "fieldname": "col_break1", 
   "fieldtype": "Column Break", 
   "hidden": 0, 
   "ignore_user_permissions": 0, 
   "in_filter": 0, 
   "in_list_view": 0, 
   "label": "", 
   "length": 0, 
   "no_copy": 0, 
   "permlevel": 0, 
   "print_hide": 0, 
   "read_only": 0, 
   "report_hide": 0, 
   "reqd": 0, 
   "search_index": 0, 
   "set_only_once": 0, 
   "unique": 0
  }, 
  {
   "allow_on_submit": 0, 
   "bold": 0, 
   "collapsible": 0, 
   "fieldname": "invoice_number", 
   "fieldtype": "Select", 
   "hidden": 0, 
   "ignore_user_permissions": 0, 
   "in_filter": 0, 
   "in_list_view": 1, 
   "label": "Invoice Number", 
   "length": 0, 
   "no_copy": 0, 
   "options": "", 
   "permlevel": 0, 
   "print_hide": 0, 
   "read_only": 0, 
   "report_hide": 0, 
   "reqd": 1, 
   "search_index": 0, 
   "set_only_once": 0, 
   "unique": 0
  }, 
  {
   "allow_on_submit": 0, 
   "bold": 0, 
   "collapsible": 0, 
   "fieldname": "allocated_amount", 
   "fieldtype": "Currency", 
   "hidden": 0, 
   "ignore_user_permissions": 0, 
   "in_filter": 0, 
   "in_list_view": 1, 
   "label": "Allocated amount", 
   "length": 0, 
   "no_copy": 0, 
   "permlevel": 0, 
   "precision": "", 
   "print_hide": 0, 
   "read_only": 0, 
   "report_hide": 0, 
   "reqd": 1, 
   "search_index": 0, 
   "set_only_once": 0, 
   "unique": 0
  }, 
  {
   "allow_on_submit": 0, 
   "bold": 0, 
   "collapsible": 0, 
   "fieldname": "sec_break1", 
   "fieldtype": "Section Break", 
   "hidden": 0, 
   "ignore_user_permissions": 0, 
   "in_filter": 0, 
   "in_list_view": 0, 
   "label": "", 
   "length": 0, 
   "no_copy": 0, 
   "permlevel": 0, 
   "print_hide": 0, 
   "read_only": 0, 
   "report_hide": 0, 
   "reqd": 0, 
   "search_index": 0, 
   "set_only_once": 0, 
   "unique": 0
  }, 
  {
   "allow_on_submit": 0, 
   "bold": 0, 
   "collapsible": 0, 
   "fieldname": "remark", 
   "fieldtype": "Small Text", 
   "hidden": 0, 
   "ignore_user_permissions": 0, 
   "in_filter": 0, 
   "in_list_view": 1, 
   "label": "Remark", 
   "length": 0, 
   "no_copy": 0, 
   "permlevel": 0, 
   "print_hide": 0, 
   "read_only": 1, 
   "report_hide": 0, 
   "reqd": 0, 
   "search_index": 0, 
   "set_only_once": 0, 
   "unique": 0
  }
 ], 
 "hide_heading": 0, 
 "hide_toolbar": 0, 
 "in_create": 0, 
 "in_dialog": 0, 
 "is_submittable": 0, 
 "issingle": 0, 
 "istable": 1, 
 "max_attachments": 0, 
 "modified": "2015-11-16 06:29:51.563989", 
 "modified_by": "Administrator", 
 "module": "Accounts", 
 "name": "Payment Reconciliation Payment", 
 "name_case": "", 
 "owner": "Administrator", 
 "permissions": [], 
 "read_only": 0, 
 "read_only_onload": 0, 
 "sort_field": "modified", 
 "sort_order": "DESC"
}