{
 "allow_copy": 0, 
 "allow_import": 0, 
 "allow_rename": 0, 
 "autoname": "hash", 
 "creation": "2013-03-07 11:55:04", 
 "custom": 0, 
 "docstatus": 0, 
 "doctype": "DocType", 
 "fields": [
  {
   "allow_on_submit": 0, 
   "bold": 0, 
   "collapsible": 0, 
   "fieldname": "account", 
   "fieldtype": "Link", 
   "hidden": 0, 
   "ignore_user_permissions": 0, 
   "in_filter": 1, 
   "in_list_view": 1, 
   "label": "Account", 
   "length": 0, 
   "no_copy": 0, 
   "oldfieldname": "account", 
   "oldfieldtype": "Link", 
   "options": "Account", 
   "permlevel": 0, 
   "print_hide": 0, 
   "read_only": 0, 
   "report_hide": 0, 
   "reqd": 1, 
   "search_index": 1, 
   "set_only_once": 0, 
   "unique": 0
  }, 
  {
   "allow_on_submit": 0, 
   "bold": 0, 
   "collapsible": 0, 
   "fieldname": "budget_allocated", 
   "fieldtype": "Currency", 
   "hidden": 0, 
   "ignore_user_permissions": 0, 
   "in_filter": 0, 
   "in_list_view": 1, 
   "label": "Budget Allocated", 
   "length": 0, 
   "no_copy": 0, 
   "oldfieldname": "budget_allocated", 
   "oldfieldtype": "Currency", 
   "options": "Company:company:default_currency", 
   "permlevel": 0, 
   "print_hide": 0, 
   "read_only": 0, 
   "report_hide": 0, 
   "reqd": 1, 
   "search_index": 0, 
   "set_only_once": 0, 
   "unique": 0
  }, 
  {
   "allow_on_submit": 0, 
   "bold": 0, 
   "collapsible": 0, 
   "fieldname": "fiscal_year", 
   "fieldtype": "Link", 
   "hidden": 0, 
   "ignore_user_permissions": 0, 
   "in_filter": 1, 
   "in_list_view": 1, 
   "label": "Fiscal Year", 
   "length": 0, 
   "no_copy": 0, 
   "oldfieldname": "fiscal_year", 
   "oldfieldtype": "Select", 
   "options": "Fiscal Year", 
   "permlevel": 0, 
   "print_hide": 0, 
   "read_only": 0, 
   "report_hide": 0, 
   "reqd": 1, 
   "search_index": 1, 
   "set_only_once": 0, 
   "unique": 0
  }
 ], 
 "hide_heading": 0, 
 "hide_toolbar": 0, 
 "idx": 1, 
 "in_create": 0, 
 "in_dialog": 0, 
 "is_submittable": 0, 
 "issingle": 0, 
 "istable": 1, 
 "max_attachments": 0, 
 "modified": "2015-11-16 06:29:43.050558", 
 "modified_by": "Administrator", 
 "module": "Accounts", 
 "name": "Budget Detail", 
 "owner": "Administrator", 
 "permissions": [], 
 "read_only": 0, 
 "read_only_onload": 0, 
 "sort_field": "modified", 
 "sort_order": "DESC"
}