{
	"country_code": "ni",
	"name": "Catalogo de Cuentas Nicaragua",
	"tree": {
		"Activo": {
			"Activo Corriente": {
				"Efectivo en Caja y Bancos": {
					"Caja": {
						"Caja General Moneda Nacional": {
							"account_type": "Cash"
						},
						"Caja General Moneda Extrangera": {
							"account_type": "Cash"
						},
						"Caja Chica Moneda Nacional": {
							"account_type": "Cash"
						},
						"Caja Chica Moneda Extrangera": {
							"account_type": "Cash"
						},
						"Fondos por Depositar": {
							"account_type": "Cash"
						}
					},
					"Cuentas Bancarias": {
						"Cuenta Corriente Moneda Nacional": {
							"account_type": "Bank"
						},
						"Cuenta Corriente Moneda Extrangera": {
							"account_type": "Bank"
						}
					},
					"Otros Equivalentes a Efectivo": {
						"is_group": 1,
						"account_type": "Cash"
					}
				},
				"Activos Financieros Realizables a Corto Plazo": {
					"Inversiones a Corto Plazo": {},
					"Bonos y Acciones Disponibles para la Venta": {},
					"Certificados Bancarios": {},
					"Otros Valores Negociables a Corto Plazo": {}
				},
				"Cuentas y Documentos por Cobrar a Clientes": {
					"Cuentas por Cobrar Moneda Nacional": {
						"account_type": "Receivable"
					},
					"Cuentas por Cobrar Moneda Extrangera": {
						"account_type": "Receivable"
					},
					"Documentos por Cobrar Moneda Nacional": {
						"account_type": "Receivable"
					},
					"Documentos por Cobrar Moneda Extrangera": {
						"account_type": "Receivable"
					},
					"Cuentas por Cobrar por Exportaciones": {
						"account_type": "Receivable"
					},
					"Estimacion para Cuentas Incobrables": {}
				},
				"Inventarios": {
					"is_group": 1,
					"account_type": "Stock"
				},
				"Impuestos Acreditables": {
					"Impuesto a Valor Agregado Acreditable": {
						"IVA Acreditable por Compra de Bienes": {
							"account_type": "Tax"
						},
						"IVA Acreditable por Importaciones": {
							"account_type": "Tax"
						},
						"IVA Acreditable por Prestacion de Servicios y Uso y Goce de Bienes": {
							"account_type": "Tax"
						},
						"Acreditacion Proporcional": {}
					},
					"Anticipos de IR o Pago Minimo Definitivo": {},
					"Retenciones a Cuenta de IR Acreditables": {
						"Retencion por V/Bienes o P/Servicios 2%": {
							"account_type": "Tax"
						},
						"Retencion Operaciones Targeta Debito/Credito 1.5%": {
							"account_type": "Tax"
						}
					},
					"Retenciones a Cuenta de IMI Acreditables": {},
					"Retenciones Definitivas Sobre Rentas o Ganancias de Capital": {}
				},
				"Otras Cuentas por Cobrar": {
					"is_group": 1,
					"account_type": "Receivable"
				}
			},
			"Activo no Corriente": {
				"Propiedad Planta y Equipo": {
					"Terrenos": {},
					"Edificios": {},
					"Almacenes": {},
					"Otros Activos Inmobiliarios": {},
					"Parque Vehicular": {},
					"Equipo de Computo": {},
					"Mobiliario y Equipo de Oficinas": {},
					"Maquinaria Industrial": {},
					"Otra Bienes Mobiliarios": {},
					"Depresiacion Acumulada": {},
					"account_type": "Fixed Asset"
				},
				"Inversiones Permanentes": {
					"Inversiones Permanentes": {
						"is_group": 1,
						"account_type": "Fixed Asset"
					},
					"Negocios Conjuntos": {
						"is_group": 1,
						"account_type": "Fixed Asset"
					}
				},
				"Bienes en Arrendamiento Financiero": {
					"Locales y Edificios en Arrendamiento": {},
					"Equipos y Maquinaria en Arrendamiento": {}
				},
				"Activos Intangibles": {
					"Patentes": {
						"is_group": 1
					},
					"Marcas Registradas": {
						"is_group": 1
					},
					"Derechos de Autor": {
						"is_group": 1
					},
					"Concesiones": {
						"is_group": 1
					},
					"Licencias": {
						"is_group": 1
					},
					"Gastos de investigacion": {
						"is_group": 1
					},
					"Amortizacion de Activos Intangibles": {
						"is_group": 1
					},
					"Deterioro de Valor de Activos Intangibles": {}
				},
				"Amortizables": {
					"Gastos de Consitucion": {},
					"Gastos Pre Operativos": {},
					"Mejoras en Bienes Arrendados": {
						"is_group": 1
					},
					"Amortizacion de Activos Amortizables": {},
					"Deterioro de Valaor de Activos Amortizables": {}
				},
				"Cuentas por Cobrar a Largo Plazo": {
					"Creditos a Largo Plazo": {
						"is_group": 1
					}
				},
				"Inversiones a Largo Plazo": {
					"Depositos Bancarios a Plazo": {
						"is_group": 1
					},
					"Intereses percibidos por adelantado": {
						"is_group": 1
					},
					"Titulos y Acciones": {
						"is_group": 1
					}
				},
				"Activo por Impuestos Diferidos": {
					"is_group": 1
				}
			},
			"root_type": "Asset"
		},
		"Pasivo": {
			"Pasivo Corriente": {
				"Cuentas por Pagar Proveedores": {
					"Cuentas por Pagar Moneda Nacional": {
						"account_type": "Payable"
					},
					"Cuentas por Pagar Moneda Extrangera": {
						"account_type": "Payable"
					},
					"Documentos por Pagar Moneda Nacional": {
						"account_type": "Payable"
					},
					"Documentos por Pagar Moneda Extrangera": {
						"account_type": "Payable"
					},
					"Cuentas por Pagar por Importaciones": {
						"account_type": "Payable"
					}
				},
				"Anticipos de Clientes": {},
				"Pasivos Financieros a Corto Plazo": {
					"Prestamos por Pagar a Corto Plazo": {
						"is_group": 1
					},
					"Sobregiros Bancarios": {
						"is_group": 1
					},
					"Otras Deudas Bancarias": {
						"is_group": 1
					}
				},
				"Gastos por Pagar": {
					"Servicios Basicos": {
						"is_group": 1
					},
					"Prestaciones Sociales": {
						"is_group": 1
					},
					"Salarios por Pagar": {}
				},
				"Provisiones por Pagar": {
					"Pasivos Laborales": {
						"Indemnizacion Laboral": {},
						"Aguinaldo por Pagar": {}
					},
					"Reclamos por Pagar": {},
					"Responsabilidad frente a terceros": {}
				},
				"Impuestos por Pagar": {
					"Impuesto al Valor Agregado por Pagar": {
						"account_type": "Tax"
					},
					"Impuesto sobre la Renta por Actividades Economicas": {
						"account_type": "Tax"
					},
					"Impuestos Municipales": {
						"Impuesto Municipal Sobre Ingresos": {
							"account_type": "Tax"
						},
						"Recoleccion Basura": {
							"account_type": "Tax"
						},
						"Matricula Municipal": {
							"account_type": "Tax"
						}
					}
				},
				"Retenciones por Pagar": {
					"Rentas del Trabajo": {
						"Retencion Rentas del Trabajo Tarifa Progresiva": {
							"account_type": "Tax"
						},
						"Retencion Definitiva 10% por Rentas del Trabajo - Indemnizacion Adicional": {
							"account_type": "Tax"
						},
						"Retencion Definitiva 12.5% por Rentas del Trabajo - Dietas": {
							"account_type": "Tax"
						},
						"Retencion Definitiva 15% por Rentas del Trabajo - No Residentes": {
							"account_type": "Tax"
						}
					},
					"Rentas de Actividades Economicas": {
						"Retencion 2% por C/Bienes o P/Servicios": {
							"account_type": "Tax"
						},
						"Retencion 10% Servicios Profesionales": {
							"account_type": "Tax"
						},
						"Retencion 3% compra Bienes Agropecuarios": {
							"account_type": "Tax"
						},
						"Retencion 5% compra Madera en Rollo": {
							"account_type": "Tax"
						},
						"Retencion Definitiva 1.5% Actividades Economicas No Residentes": {
							"account_type": "Tax"
						},
						"Retencion Definitiva 3% Actividades Economicas No Residentes": {
							"account_type": "Tax"
						},
						"Retencion Definitiva 10% Actividades Economicas No Residentes": {
							"account_type": "Tax"
						},
						"Retencion Definitiva 15% Actividades Economicas No Residentes": {
							"account_type": "Tax"
						},									
						"Otras Retenciones 10%": {
							"account_type": "Tax"
						}
					},
					"Rentas y Ganancias de Capital": {
						"Retencion Defintiva 15% por Rentas de Capital": {
							"account_type": "Tax"
						},			
						"Retencion Defintiva 10% por Rentas de Capital": {
							"account_type": "Tax"
						},
						"Retencion Definitiva 5% por Rentas de Capital": {
							"account_type": "Tax"
						},
						"Retencion Definitiva 10% por Ganancia de Capital": {
							"account_type": "Tax"
						},
						"Retencion Definitiva 0.25% Transacciones Bursatiles": {
							"account_type": "Tax"
						},
						"Retencion Definitiva 1% Transacciones Bursatiles": {
							"account_type": "Tax"
						},
						"Retencion Definitiva 1.5% Transacciones Bursatiles": {
							"account_type": "Tax"
						},
						"Retencion Definitiva 2% Transacciones Bursatiles": {
							"account_type": "Tax"
						},
						"Retenciones Defintiva 5% Fondos de Inversion": {
							"account_type": "Tax"
						}
					},
					"Retencion 17% Operaciones con Paraisos Fiscales": {
						"account_type": "Tax"
					}
				},
				"Otras Cuentas por Pagar": {
					"is_group": 1
				}
			},
			"Pasivo No Corriente": {
				"Prestamos a Largo Plazo": {
					"is_group": 1
				},
				"Cuentas por Pagar a Largo Plaso": {
					"is_group": 1
				},
				"Otras Cuentas por Pagar a Largo Plazo": {
					"is_group": 1
				},
				"Otros Pasivos Financieros a Largo Plaso": {
					"is_group": 1
				}
			},
			"Obligaciones por Arrendamiento Financiero a Largo Plazo": {
				"is_group": 1
			},
			"Pasivo por Impuestos Diferidos": {
				"is_group": 1
			},
			"root_type": "Liability"
		},
		"Patrimonio": {
			"Aporte de Socios": {
				"Capital": {
					"Capital Social Pagado": {
						"account_type": "Equity"
					},
					"Capital Social no Pagado": {
						"account_type": "Equity"
					}
				}
			},
			"Donaciones": {
				"is_group": 1
			},
			"Ganancias Acumuladas": {
				"Reservas": {
					"Reservas Legales": {
						"account_type": "Equity"
					},
					"Reservas Voluntarias": {
						"account_type": "Equity"
					}
				},
				"Resultados": {
					"Resultados Acumulados": {
						"account_type": "Equity"
					},
					"Ajustes a Periodos Anteriores": {
						"account_type": "Equity"
					},
					"Resultado del ejercicio": {
						"account_type": "Equity"
					}
				}
			},
			"root_type": "Equity"
		},
		"Ingresos": {
			"Ventas": {
				"Venta de Bienes o Prestacion de Servicios Grabados": {},
				"Venta de Bienes o Prestacion de Servicios Exentos": {},
				"Venta de Bienes o Prestacion de Servicios Exonerados": {},
				"Venta por Exportaciones": {}
			},
			"Otros Ingresos Grabables": {
				"Ganacia Cambiaria": {},
				"Sobrante en Arqueo de Caja": {},
				"Otros Ingresos Grabables": {}
			},
			"Ingresos no Grabables": {
				"Ingreso por Rentas y Ganacias de Capital sujetas a Retencion Definitiva": {},
				"Interes Bancarios": {},
				"Otros Ingresos no Grabables": {}
			},
			"root_type": "Income"
		},
		"Costos y Gastos": {
			"Costo de Venta": {
				"Costo de Bienes": {},
				"Costo de Servicios": {},
				"Costo de Produccion": {},
				"account_type": "Cost of Goods Sold"
			},
			"Gastos de Ventas": {
				"Publicidad": {},
				"Mercadeo": {},
				"Muestras Gratis": {},
				"Regalosa Clientes": {},
				"Fletes": {},
				"Promociones": {}
			},
			"Gastos de Administracion": {
				"Alquileres": {},
				"Combustible": {},
				"Servicios Basicos": {
					"Energia Electrica": {},
					"Agua Potable": {},
					"Internet": {},
					"Telefono Fijo": {},
					"Celular": {},
					"Costos por Servicios WEB": {}
				},
				"Vigilancia": {},
				"Gastos Varios": {},
				"Mantenimiento y Reparaciones": {},
				"Papeleria": {},
				"Representacion": {},
				"Amortizaciones": {},
				"Inatec": {},
				"Indemnizacion": {},
				"Fletes y Correos": {},
				"Cuentas Incobrables": {},
				"Capacitacion al Personal": {},
				"Uniformes": {},
				"Seguros": {},
				"Donaciones": {},
				"Impuesto Municipal": {},
				"Matricula": {},
				"Recoleccion de Basura": {},
				"IVA Proporcional no Acreditado": {},
				"Ayuda a Empleados": {}
			},
			"Gastos por Servicios Profesionales y Tecnicos": {},
			"Gastos por Salarios y Otras Compensaciones": {},
			"Gastopor Depreciacion": {},
			"Otros Gastos": {
				"Perdida Cambiario": {},
				"Perdida e nVenta de Activo Fijo": {},
				"Siniestros": {},
				"Certificacion de Cheques y Chequeras": {}
			},
			"Costos y Gastos No Deducibles": {},
			"Impuesto por Rentas y Ganancias de Capital": {},
			"Impuesto sobre la Rentade Activividades Economicas": {},
			"root_type": "Expense"
		}
	}
}
