{
 "allow_copy": 0, 
 "allow_import": 0, 
 "allow_rename": 0, 
 "creation": "2012-03-27 14:35:51", 
 "custom": 0, 
 "docstatus": 0, 
 "doctype": "DocType", 
 "fields": [], 
 "hide_heading": 0, 
 "hide_toolbar": 0, 
 "idx": 1, 
 "in_create": 0, 
 "in_dialog": 0, 
 "is_submittable": 0, 
 "issingle": 1, 
 "istable": 0, 
 "modified": "2013-12-20 19:23:27", 
 "modified_by": "Administrator", 
 "module": "Buying", 
 "name": "Purchase Common", 
 "owner": "Administrator", 
 "permissions": [], 
 "read_only": 0, 
 "read_only_onload": 0
}