{
 "apply_user_permissions": 1, 
 "creation": "2013-10-09 10:38:40", 
 "docstatus": 0, 
 "doctype": "Report", 
 "idx": 1, 
 "is_standard": "Yes", 
 "modified": "2014-09-11 08:53:17.358554", 
 "modified_by": "Administrator",
 "module": "Buying", 
 "name": "Supplier Addresses and Contacts", 
 "owner": "Administrator", 
 "query": "SELECT\n    `tabSupplier`.name as \"Supplier:Link/Supplier:120\",\n\t`tabSupplier`.supplier_name as \"Supplier Name::120\",\n\t`tabSupplier`.supplier_type as \"Supplier Type:Link/Supplier Type:120\",\n\tconcat_ws(', ', \n\t\ttrim(',' from `tabAddress`.address_line1), \n\t\ttrim(',' from tabAddress.address_line2), \n\t\ttabAddress.state, tabAddress.pincode, tabAddress.country\n\t) as 'Address::180',\n    concat_ws(', ', `tabContact`.first_name, `tabContact`.last_name) as \"Contact Name::180\",\n\t`tabContact`.phone as \"Phone\",\n\t`tabContact`.mobile_no as \"Mobile No\",\n\t`tabContact`.email_id as \"Email Id::120\",\n\t`tabContact`.is_primary_contact as \"Is Primary Contact::120\"\nFROM\n\t`tabSupplier`\n\tleft join `tabAddress` on (\n\t\t`tabAddress`.supplier=`tabSupplier`.name\n\t)\n\tleft join `tabContact` on (\n\t\t`tabContact`.supplier=`tabSupplier`.name\n\t)\nWHERE\n\t`tabSupplier`.docstatus<2\nORDER BY\n\t`tabSupplier`.name asc", 
 "ref_doctype": "Supplier", 
 "report_name": "Supplier Addresses and Contacts", 
 "report_type": "Query Report"
}