{
 "allow_copy": 0, 
 "allow_import": 0, 
 "allow_rename": 0, 
 "creation": "2013-02-22 01:27:38", 
 "custom": 0, 
 "docstatus": 0, 
 "doctype": "DocType", 
 "fields": [
  {
   "allow_on_submit": 0, 
   "bold": 0, 
   "collapsible": 0, 
   "fieldname": "invoice_no", 
   "fieldtype": "Link", 
   "hidden": 0, 
   "ignore_user_permissions": 0, 
   "in_filter": 0, 
   "in_list_view": 1, 
   "label": "Invoice No", 
   "length": 0, 
   "no_copy": 0, 
   "options": "Sales Invoice", 
   "permlevel": 0, 
   "print_hide": 0, 
   "print_width": "160px", 
   "read_only": 0, 
   "report_hide": 0, 
   "reqd": 0, 
   "search_index": 0, 
   "set_only_once": 0, 
   "unique": 0, 
   "width": "160px"
  }, 
  {
   "allow_on_submit": 0, 
   "bold": 0, 
   "collapsible": 0, 
   "fieldname": "invoice_date", 
   "fieldtype": "Date", 
   "hidden": 0, 
   "ignore_user_permissions": 0, 
   "in_filter": 0, 
   "in_list_view": 1, 
   "label": "Invoice Date", 
   "length": 0, 
   "no_copy": 0, 
   "permlevel": 0, 
   "print_hide": 0, 
   "print_width": "120px", 
   "read_only": 1, 
   "report_hide": 0, 
   "reqd": 0, 
   "search_index": 0, 
   "set_only_once": 0, 
   "unique": 0, 
   "width": "120px"
  }, 
  {
   "allow_on_submit": 0, 
   "bold": 0, 
   "collapsible": 0, 
   "description": "", 
   "fieldname": "territory", 
   "fieldtype": "Link", 
   "hidden": 0, 
   "ignore_user_permissions": 0, 
   "in_filter": 0, 
   "in_list_view": 1, 
   "label": "Territory", 
   "length": 0, 
   "no_copy": 0, 
   "options": "Territory", 
   "permlevel": 0, 
   "print_hide": 0, 
   "print_width": "120px", 
   "read_only": 1, 
   "report_hide": 0, 
   "reqd": 0, 
   "search_index": 0, 
   "set_only_once": 0, 
   "unique": 0, 
   "width": "120px"
  }, 
  {
   "allow_on_submit": 0, 
   "bold": 0, 
   "collapsible": 0, 
   "fieldname": "net_total", 
   "fieldtype": "Currency", 
   "hidden": 0, 
   "ignore_user_permissions": 0, 
   "in_filter": 0, 
   "in_list_view": 1, 
   "label": "Net Total", 
   "length": 0, 
   "no_copy": 0, 
   "options": "Company:company:default_currency", 
   "permlevel": 0, 
   "print_hide": 0, 
   "print_width": "120px", 
   "read_only": 1, 
   "report_hide": 0, 
   "reqd": 0, 
   "search_index": 0, 
   "set_only_once": 0, 
   "unique": 0, 
   "width": "120px"
  }, 
  {
   "allow_on_submit": 0, 
   "bold": 0, 
   "collapsible": 0, 
   "fieldname": "grand_total", 
   "fieldtype": "Currency", 
   "hidden": 0, 
   "ignore_user_permissions": 0, 
   "in_filter": 0, 
   "in_list_view": 1, 
   "label": "Grand Total", 
   "length": 0, 
   "no_copy": 0, 
   "options": "Company:company:default_currency", 
   "permlevel": 0, 
   "print_hide": 0, 
   "print_width": "120px", 
   "read_only": 1, 
   "report_hide": 0, 
   "reqd": 0, 
   "search_index": 0, 
   "set_only_once": 0, 
   "unique": 0, 
   "width": "120px"
  }
 ], 
 "hide_heading": 0, 
 "hide_toolbar": 0, 
 "idx": 1, 
 "in_create": 0, 
 "in_dialog": 0, 
 "is_submittable": 0, 
 "issingle": 0, 
 "istable": 1, 
 "max_attachments": 0, 
 "modified": "2015-11-16 06:29:43.221484", 
 "modified_by": "Administrator", 
 "module": "Accounts", 
 "name": "C-Form Invoice Detail", 
 "owner": "Administrator", 
 "permissions": [], 
 "read_only": 0, 
 "read_only_onload": 0
}