{
 "allow_copy": 0, 
 "allow_import": 0, 
 "allow_rename": 0, 
 "creation": "2013-02-22 01:27:42", 
 "custom": 0, 
 "docstatus": 0, 
 "doctype": "DocType", 
 "fields": [
  {
   "allow_on_submit": 0, 
   "bold": 0, 
   "collapsible": 0, 
   "fieldname": "main_item_code", 
   "fieldtype": "Data", 
   "hidden": 0, 
   "ignore_user_permissions": 0, 
   "in_filter": 0, 
   "in_list_view": 1, 
   "label": "Item Code", 
   "length": 0, 
   "no_copy": 0, 
   "oldfieldname": "main_item_code", 
   "oldfieldtype": "Data", 
   "permlevel": 0, 
   "print_hide": 0, 
   "read_only": 1, 
   "report_hide": 0, 
   "reqd": 0, 
   "search_index": 0, 
   "set_only_once": 0, 
   "unique": 0
  }, 
  {
   "allow_on_submit": 0, 
   "bold": 0, 
   "collapsible": 0, 
   "fieldname": "rm_item_code", 
   "fieldtype": "Data", 
   "hidden": 0, 
   "ignore_user_permissions": 0, 
   "in_filter": 0, 
   "in_list_view": 1, 
   "label": "Raw Material Item Code", 
   "length": 0, 
   "no_copy": 0, 
   "oldfieldname": "rm_item_code", 
   "oldfieldtype": "Data", 
   "permlevel": 0, 
   "print_hide": 0, 
   "read_only": 1, 
   "report_hide": 0, 
   "reqd": 0, 
   "search_index": 0, 
   "set_only_once": 0, 
   "unique": 0
  }, 
  {
   "allow_on_submit": 0, 
   "bold": 0, 
   "collapsible": 0, 
   "fieldname": "required_qty", 
   "fieldtype": "Float", 
   "hidden": 0, 
   "ignore_user_permissions": 0, 
   "in_filter": 0, 
   "in_list_view": 1, 
   "label": "Supplied Qty", 
   "length": 0, 
   "no_copy": 0, 
   "oldfieldname": "required_qty", 
   "oldfieldtype": "Currency", 
   "permlevel": 0, 
   "print_hide": 0, 
   "read_only": 1, 
   "report_hide": 0, 
   "reqd": 0, 
   "search_index": 0, 
   "set_only_once": 0, 
   "unique": 0
  }, 
  {
   "allow_on_submit": 0, 
   "bold": 0, 
   "collapsible": 0, 
   "fieldname": "rate", 
   "fieldtype": "Currency", 
   "hidden": 0, 
   "ignore_user_permissions": 0, 
   "in_filter": 0, 
   "in_list_view": 1, 
   "label": "Rate", 
   "length": 0, 
   "no_copy": 0, 
   "oldfieldname": "rate", 
   "oldfieldtype": "Currency", 
   "options": "Company:company:default_currency", 
   "permlevel": 0, 
   "print_hide": 0, 
   "read_only": 0, 
   "report_hide": 0, 
   "reqd": 0, 
   "search_index": 0, 
   "set_only_once": 0, 
   "unique": 0
  }, 
  {
   "allow_on_submit": 0, 
   "bold": 0, 
   "collapsible": 0, 
   "fieldname": "amount", 
   "fieldtype": "Currency", 
   "hidden": 0, 
   "ignore_user_permissions": 0, 
   "in_filter": 0, 
   "in_list_view": 0, 
   "label": "Amount", 
   "length": 0, 
   "no_copy": 0, 
   "oldfieldname": "amount", 
   "oldfieldtype": "Currency", 
   "options": "Company:company:default_currency", 
   "permlevel": 0, 
   "print_hide": 0, 
   "read_only": 1, 
   "report_hide": 0, 
   "reqd": 0, 
   "search_index": 0, 
   "set_only_once": 0, 
   "unique": 0
  }, 
  {
   "allow_on_submit": 0, 
   "bold": 0, 
   "collapsible": 0, 
   "fieldname": "bom_detail_no", 
   "fieldtype": "Data", 
   "hidden": 0, 
   "ignore_user_permissions": 0, 
   "in_filter": 0, 
   "in_list_view": 1, 
   "label": "BOM Detail No", 
   "length": 0, 
   "no_copy": 0, 
   "oldfieldname": "bom_detail_no", 
   "oldfieldtype": "Data", 
   "permlevel": 0, 
   "print_hide": 0, 
   "read_only": 1, 
   "report_hide": 0, 
   "reqd": 0, 
   "search_index": 0, 
   "set_only_once": 0, 
   "unique": 0
  }, 
  {
   "allow_on_submit": 0, 
   "bold": 0, 
   "collapsible": 0, 
   "fieldname": "reference_name", 
   "fieldtype": "Data", 
   "hidden": 0, 
   "ignore_user_permissions": 0, 
   "in_filter": 0, 
   "in_list_view": 1, 
   "label": "Reference Name", 
   "length": 0, 
   "no_copy": 0, 
   "oldfieldname": "reference_name", 
   "oldfieldtype": "Data", 
   "permlevel": 0, 
   "print_hide": 0, 
   "read_only": 1, 
   "report_hide": 0, 
   "reqd": 0, 
   "search_index": 0, 
   "set_only_once": 0, 
   "unique": 0
  }, 
  {
   "allow_on_submit": 0, 
   "bold": 0, 
   "collapsible": 0, 
   "fieldname": "conversion_factor", 
   "fieldtype": "Float", 
   "hidden": 1, 
   "ignore_user_permissions": 0, 
   "in_filter": 0, 
   "in_list_view": 0, 
   "label": "Conversion Factor", 
   "length": 0, 
   "no_copy": 0, 
   "oldfieldname": "conversion_factor", 
   "oldfieldtype": "Currency", 
   "permlevel": 0, 
   "print_hide": 0, 
   "read_only": 1, 
   "report_hide": 0, 
   "reqd": 0, 
   "search_index": 0, 
   "set_only_once": 0, 
   "unique": 0
  }, 
  {
   "allow_on_submit": 0, 
   "bold": 0, 
   "collapsible": 0, 
   "fieldname": "stock_uom", 
   "fieldtype": "Link", 
   "hidden": 0, 
   "ignore_user_permissions": 0, 
   "in_filter": 0, 
   "in_list_view": 0, 
   "label": "Stock Uom", 
   "length": 0, 
   "no_copy": 0, 
   "oldfieldname": "stock_uom", 
   "oldfieldtype": "Data", 
   "options": "UOM", 
   "permlevel": 0, 
   "print_hide": 0, 
   "read_only": 1, 
   "report_hide": 0, 
   "reqd": 0, 
   "search_index": 0, 
   "set_only_once": 0, 
   "unique": 0
  }
 ], 
 "hide_heading": 0, 
 "hide_toolbar": 1, 
 "idx": 1, 
 "in_create": 0, 
 "in_dialog": 0, 
 "is_submittable": 0, 
 "issingle": 0, 
 "istable": 1, 
 "max_attachments": 0, 
 "modified": "2015-11-16 06:29:54.025077", 
 "modified_by": "Administrator", 
 "module": "Buying", 
 "name": "Purchase Order Item Supplied", 
 "owner": "dhanalekshmi@webnotestech.com", 
 "permissions": [], 
 "read_only": 0, 
 "read_only_onload": 0
}