{
 "allow_copy": 0, 
 "allow_import": 0, 
 "allow_rename": 0, 
 "autoname": "hash", 
 "creation": "2013-02-22 01:27:43", 
 "custom": 0, 
 "docstatus": 0, 
 "doctype": "DocType", 
 "fields": [
  {
   "allow_on_submit": 0, 
   "bold": 0, 
   "collapsible": 0, 
   "fieldname": "specification", 
   "fieldtype": "Data", 
   "hidden": 0, 
   "ignore_user_permissions": 0, 
   "in_filter": 0, 
   "in_list_view": 1, 
   "label": "Parameter", 
   "length": 0, 
   "no_copy": 0, 
   "oldfieldname": "specification", 
   "oldfieldtype": "Data", 
   "permlevel": 0, 
   "print_hide": 0, 
   "read_only": 0, 
   "report_hide": 0, 
   "reqd": 1, 
   "search_index": 0, 
   "set_only_once": 0, 
   "unique": 0
  }, 
  {
   "allow_on_submit": 0, 
   "bold": 0, 
   "collapsible": 0, 
   "fieldname": "value", 
   "fieldtype": "Data", 
   "hidden": 0, 
   "ignore_user_permissions": 0, 
   "in_filter": 0, 
   "in_list_view": 1, 
   "label": "Acceptance Criteria", 
   "length": 0, 
   "no_copy": 0, 
   "oldfieldname": "value", 
   "oldfieldtype": "Data", 
   "permlevel": 0, 
   "print_hide": 0, 
   "read_only": 0, 
   "report_hide": 0, 
   "reqd": 0, 
   "search_index": 0, 
   "set_only_once": 0, 
   "unique": 0
  }, 
  {
   "allow_on_submit": 0, 
   "bold": 0, 
   "collapsible": 0, 
   "fieldname": "reading_1", 
   "fieldtype": "Data", 
   "hidden": 0, 
   "ignore_user_permissions": 0, 
   "in_filter": 0, 
   "in_list_view": 1, 
   "label": "Reading 1", 
   "length": 0, 
   "no_copy": 0, 
   "oldfieldname": "reading_1", 
   "oldfieldtype": "Data", 
   "permlevel": 0, 
   "print_hide": 0, 
   "read_only": 0, 
   "report_hide": 0, 
   "reqd": 0, 
   "search_index": 0, 
   "set_only_once": 0, 
   "unique": 0
  }, 
  {
   "allow_on_submit": 0, 
   "bold": 0, 
   "collapsible": 0, 
   "fieldname": "reading_2", 
   "fieldtype": "Data", 
   "hidden": 0, 
   "ignore_user_permissions": 0, 
   "in_filter": 0, 
   "in_list_view": 1, 
   "label": "Reading 2", 
   "length": 0, 
   "no_copy": 0, 
   "oldfieldname": "reading_2", 
   "oldfieldtype": "Data", 
   "permlevel": 0, 
   "print_hide": 0, 
   "read_only": 0, 
   "report_hide": 0, 
   "reqd": 0, 
   "search_index": 0, 
   "set_only_once": 0, 
   "unique": 0
  }, 
  {
   "allow_on_submit": 0, 
   "bold": 0, 
   "collapsible": 0, 
   "fieldname": "reading_3", 
   "fieldtype": "Data", 
   "hidden": 0, 
   "ignore_user_permissions": 0, 
   "in_filter": 0, 
   "in_list_view": 1, 
   "label": "Reading 3", 
   "length": 0, 
   "no_copy": 0, 
   "oldfieldname": "reading_3", 
   "oldfieldtype": "Data", 
   "permlevel": 0, 
   "print_hide": 0, 
   "read_only": 0, 
   "report_hide": 0, 
   "reqd": 0, 
   "search_index": 0, 
   "set_only_once": 0, 
   "unique": 0
  }, 
  {
   "allow_on_submit": 0, 
   "bold": 0, 
   "collapsible": 0, 
   "fieldname": "reading_4", 
   "fieldtype": "Data", 
   "hidden": 0, 
   "ignore_user_permissions": 0, 
   "in_filter": 0, 
   "in_list_view": 1, 
   "label": "Reading 4", 
   "length": 0, 
   "no_copy": 0, 
   "oldfieldname": "reading_4", 
   "oldfieldtype": "Data", 
   "permlevel": 0, 
   "print_hide": 0, 
   "read_only": 0, 
   "report_hide": 0, 
   "reqd": 0, 
   "search_index": 0, 
   "set_only_once": 0, 
   "unique": 0
  }, 
  {
   "allow_on_submit": 0, 
   "bold": 0, 
   "collapsible": 0, 
   "fieldname": "reading_5", 
   "fieldtype": "Data", 
   "hidden": 0, 
   "ignore_user_permissions": 0, 
   "in_filter": 0, 
   "in_list_view": 0, 
   "label": "Reading 5", 
   "length": 0, 
   "no_copy": 0, 
   "oldfieldname": "reading_5", 
   "oldfieldtype": "Data", 
   "permlevel": 0, 
   "print_hide": 0, 
   "read_only": 0, 
   "report_hide": 0, 
   "reqd": 0, 
   "search_index": 0, 
   "set_only_once": 0, 
   "unique": 0
  }, 
  {
   "allow_on_submit": 0, 
   "bold": 0, 
   "collapsible": 0, 
   "fieldname": "reading_6", 
   "fieldtype": "Data", 
   "hidden": 0, 
   "ignore_user_permissions": 0, 
   "in_filter": 0, 
   "in_list_view": 0, 
   "label": "Reading 6", 
   "length": 0, 
   "no_copy": 0, 
   "oldfieldname": "reading_6", 
   "oldfieldtype": "Data", 
   "permlevel": 0, 
   "print_hide": 0, 
   "read_only": 0, 
   "report_hide": 0, 
   "reqd": 0, 
   "search_index": 0, 
   "set_only_once": 0, 
   "unique": 0
  }, 
  {
   "allow_on_submit": 0, 
   "bold": 0, 
   "collapsible": 0, 
   "fieldname": "reading_7", 
   "fieldtype": "Data", 
   "hidden": 0, 
   "ignore_user_permissions": 0, 
   "in_filter": 0, 
   "in_list_view": 0, 
   "label": "Reading 7", 
   "length": 0, 
   "no_copy": 0, 
   "oldfieldname": "reading_7", 
   "oldfieldtype": "Data", 
   "permlevel": 0, 
   "print_hide": 0, 
   "read_only": 0, 
   "report_hide": 0, 
   "reqd": 0, 
   "search_index": 0, 
   "set_only_once": 0, 
   "unique": 0
  }, 
  {
   "allow_on_submit": 0, 
   "bold": 0, 
   "collapsible": 0, 
   "fieldname": "reading_8", 
   "fieldtype": "Data", 
   "hidden": 0, 
   "ignore_user_permissions": 0, 
   "in_filter": 0, 
   "in_list_view": 0, 
   "label": "Reading 8", 
   "length": 0, 
   "no_copy": 0, 
   "oldfieldname": "reading_8", 
   "oldfieldtype": "Data", 
   "permlevel": 0, 
   "print_hide": 0, 
   "read_only": 0, 
   "report_hide": 0, 
   "reqd": 0, 
   "search_index": 0, 
   "set_only_once": 0, 
   "unique": 0
  }, 
  {
   "allow_on_submit": 0, 
   "bold": 0, 
   "collapsible": 0, 
   "fieldname": "reading_9", 
   "fieldtype": "Data", 
   "hidden": 0, 
   "ignore_user_permissions": 0, 
   "in_filter": 0, 
   "in_list_view": 0, 
   "label": "Reading 9", 
   "length": 0, 
   "no_copy": 0, 
   "oldfieldname": "reading_9", 
   "oldfieldtype": "Data", 
   "permlevel": 0, 
   "print_hide": 0, 
   "read_only": 0, 
   "report_hide": 0, 
   "reqd": 0, 
   "search_index": 0, 
   "set_only_once": 0, 
   "unique": 0
  }, 
  {
   "allow_on_submit": 0, 
   "bold": 0, 
   "collapsible": 0, 
   "fieldname": "reading_10", 
   "fieldtype": "Data", 
   "hidden": 0, 
   "ignore_user_permissions": 0, 
   "in_filter": 0, 
   "in_list_view": 0, 
   "label": "Reading 10", 
   "length": 0, 
   "no_copy": 0, 
   "oldfieldname": "reading_10", 
   "oldfieldtype": "Data", 
   "permlevel": 0, 
   "print_hide": 0, 
   "read_only": 0, 
   "report_hide": 0, 
   "reqd": 0, 
   "search_index": 0, 
   "set_only_once": 0, 
   "unique": 0
  }, 
  {
   "allow_on_submit": 0, 
   "bold": 0, 
   "collapsible": 0, 
   "default": "Accepted", 
   "fieldname": "status", 
   "fieldtype": "Select", 
   "hidden": 0, 
   "ignore_user_permissions": 0, 
   "in_filter": 0, 
   "in_list_view": 0, 
   "label": "Status", 
   "length": 0, 
   "no_copy": 0, 
   "oldfieldname": "status", 
   "oldfieldtype": "Select", 
   "options": "Accepted\nRejected", 
   "permlevel": 0, 
   "print_hide": 0, 
   "read_only": 0, 
   "report_hide": 0, 
   "reqd": 0, 
   "search_index": 0, 
   "set_only_once": 0, 
   "unique": 0
  }
 ], 
 "hide_heading": 0, 
 "hide_toolbar": 0, 
 "idx": 1, 
 "in_create": 0, 
 "in_dialog": 0, 
 "is_submittable": 0, 
 "issingle": 0, 
 "istable": 1, 
 "max_attachments": 0, 
 "modified": "2015-11-16 06:29:54.873250", 
 "modified_by": "Administrator", 
 "module": "Buying", 
 "name": "Quality Inspection Reading", 
 "owner": "Administrator", 
 "permissions": [], 
 "read_only": 0, 
 "read_only_onload": 0
}