{
 "add_total_row": 1, 
 "apply_user_permissions": 1, 
 "creation": "2013-05-28 15:54:16", 
 "disabled": 0, 
 "docstatus": 0, 
 "doctype": "Report", 
 "idx": 1, 
 "is_standard": "Yes", 
 "modified": "2016-04-01 08:27:32.122070", 
 "modified_by": "Administrator", 
 "module": "Accounts", 
 "name": "Purchase Order Items To Be Billed", 
 "owner": "Administrator", 
 "query": "select \n    `tabPurchase Order`.`name` as \"Purchase Order:Link/Purchase Order:120\",\n    `tabPurchase Order`.`transaction_date` as \"Date:Date:100\",\n\t`tabPurchase Order`.`supplier` as \"Supplier:Link/Supplier:120\",\n\t`tabPurchase Order Item`.`project` as \"Project\",\n\t`tabPurchase Order Item`.item_code as \"Item Code:Link/Item:120\",\n\t`tabPurchase Order Item`.base_amount as \"Amount:Currency:100\",\n\t(`tabPurchase Order Item`.billed_amt * ifnull(`tabPurchase Order`.conversion_rate, 1)) as \"Billed Amount:Currency:100\", \n\t(`tabPurchase Order Item`.base_amount - (ifnull(`tabPurchase Order Item`.billed_amt, 0) * ifnull(`tabPurchase Order`.conversion_rate, 1))) as \"Amount to Bill:Currency:100\",\n\t`tabPurchase Order Item`.item_name as \"Item Name::150\",\n\t`tabPurchase Order Item`.description as \"Description::200\",\n\t`tabPurchase Order`.company as \"Company:Link/Company:\"\nfrom\n\t`tabPurchase Order`, `tabPurchase Order Item`\nwhere\n\t`tabPurchase Order Item`.`parent` = `tabPurchase Order`.`name`\n\tand `tabPurchase Order`.docstatus = 1\n\tand `tabPurchase Order`.status != \"Closed\"\n\tand (ifnull(`tabPurchase Order Item`.billed_amt, 0) * ifnull(`tabPurchase Order`.conversion_rate, 1)) < ifnull(`tabPurchase Order Item`.base_amount, 0)\norder by `tabPurchase Order`.transaction_date asc", 
 "ref_doctype": "Purchase Invoice", 
 "report_name": "Purchase Order Items To Be Billed", 
 "report_type": "Query Report"
}