{
 "allow_copy": 0, 
 "allow_import": 0, 
 "allow_rename": 0, 
 "autoname": "hash", 
 "creation": "2013-02-22 01:27:44", 
 "custom": 0, 
 "docstatus": 0, 
 "doctype": "DocType", 
 "fields": [
  {
   "allow_on_submit": 0, 
   "bold": 0, 
   "collapsible": 0, 
   "description": "Key Performance Area", 
   "fieldname": "kra", 
   "fieldtype": "Small Text", 
   "hidden": 0, 
   "ignore_user_permissions": 0, 
   "in_filter": 0, 
   "in_list_view": 1, 
   "label": "KRA", 
   "length": 0, 
   "no_copy": 0, 
   "oldfieldname": "kra", 
   "oldfieldtype": "Small Text", 
   "permlevel": 0, 
   "print_hide": 0, 
   "print_width": "200px", 
   "read_only": 0, 
   "report_hide": 0, 
   "reqd": 1, 
   "search_index": 0, 
   "set_only_once": 0, 
   "unique": 0, 
   "width": "200px"
  }, 
  {
   "allow_on_submit": 0, 
   "bold": 0, 
   "collapsible": 0, 
   "fieldname": "per_weightage", 
   "fieldtype": "Float", 
   "hidden": 0, 
   "ignore_user_permissions": 0, 
   "in_filter": 0, 
   "in_list_view": 1, 
   "label": "Weightage (%)", 
   "length": 0, 
   "no_copy": 0, 
   "oldfieldname": "per_weightage", 
   "oldfieldtype": "Currency", 
   "permlevel": 0, 
   "print_hide": 0, 
   "print_width": "100px", 
   "read_only": 0, 
   "report_hide": 0, 
   "reqd": 1, 
   "search_index": 0, 
   "set_only_once": 0, 
   "unique": 0, 
   "width": "100px"
  }
 ], 
 "hide_heading": 0, 
 "hide_toolbar": 0, 
 "idx": 1, 
 "in_create": 0, 
 "in_dialog": 0, 
 "is_submittable": 0, 
 "issingle": 0, 
 "istable": 1, 
 "max_attachments": 0, 
 "modified": "2015-11-16 06:29:42.006632", 
 "modified_by": "Administrator", 
 "module": "HR", 
 "name": "Appraisal Template Goal", 
 "owner": "ashwini@webnotestech.com", 
 "permissions": [], 
 "read_only": 0, 
 "read_only_onload": 0
}