{
    "country_code": "cr",
    "name": "Costa Rica - Company 0",
    "tree": {
        "0-Activo": {
            "0-Activo circulante": {
                "0-Activo circulante disponible": {
                    "0-Bancos": {
                        "0-Cuentas corrientes CRC": {
                            "0-Cuenta en CRC 1": {}
                        },
                        "0-Cuentas corrientes USD": {
                            "0-Cuenta en USD 1": {}
                        }
                    },
                    "0-Fondos de caja": {
                        "0-Fondos de caja CRC": {
                            "0-Fondo de caja oficinas centrales CRC": {}
                        },
                        "0-Fondos de caja USD": {
                            "0-Fondo de caja oficinas centrales USD": {}
                        }
                    },
                    "0-Fondos en tr\u00e1nsito": {
                        "0-Fondos en tr\u00e1nsito de PayPal a Bancos": {},
                        "0-Fondos en tr\u00e1nsito en bancos": {},
                        "0-Fondos en tr\u00e1nsito en tesorer\u00eda": {}
                    },
                    "0-Inversiones a la vista": {
                        "0-Inversi\u00f3n 1": {}
                    },
                    "0-PayPal": {
                        "0-Cuenta PayPal 1": {}
                    }
                },
                "0-Activo circulante exigible": {
                    "0-Cuentas por cobrar a compa\u00f1\u00edas relacionadas": {},
                    "0-Cuentas por cobrar a empleados": {},
                    "0-Cuentas por cobrar comerciales": {},
                    "0-Inversiones de corto plazo": {},
                    "0-Otras cuentas por cobrar": {}
                },
                "0-Activo circulante realizable": {
                    "0-Inventarios": {
                        "0-Inventario de consumibles": {},
                        "0-Inventario de producto para la venta": {}
                    }
                }
            },
            "0-Activo fijo": {
                "0-Activo fijo depreciable": {
                    "0-Activos depreciables m\u00f3viles": {
                        "0-Equipo de c\u00f3mputo": {},
                        "0-Herramientas mayores": {},
                        "0-Maquinaria y equipo de edificios": {},
                        "0-Moibliario y equipo de oficina": {},
                        "0-Veh\u00edculos": {}
                    },
                    "0-Edificios": {
                        "0-Edificios \u2013 Revaluaciones": {
                            "0-Edificio 1": {}
                        },
                        "0-Edificios \u2013 Valores originales": {
                            "0-Edificio 1": {}
                        }
                    },
                    "0-Mejoras a edificios": {
                        "0-Mejoras a edificios \u2013 Revaluaciones": {
                            "0-Edificio 1": {}
                        },
                        "0-Mejoras a edificios \u2013 Valores originales": {
                            "0-Edificio 1": {}
                        }
                    }
                },
                "0-Activo fijo no depreciable": {
                    "0-Terrenos": {
                        "0-Revaluaciones": {
                            "0-Terreno 1": {}
                        },
                        "0-Valores originales": {
                            "0-Terreno 1": {}
                        }
                    }
                }
            },
            "0-Depreciaciones acumuladas sobre activo fijo depreciable": {
                "0-Dep. ac. de activos depreciables m\u00f3viles": {
                    "0-Dep. ac. de equipo de c\u00f3mputo": {},
                    "0-Dep. ac. de herramientas mayores": {},
                    "0-Dep. ac. de maquinaria y equipo de edificios": {},
                    "0-Dep. ac. de mobiliario y equipo de oficina": {},
                    "0-Dep. ac. de veh\u00edculos": {}
                },
                "0-Dep. ac. de edificios": {
                    "0-Dep. ac. de edificios \u2013 Revaluaciones": {
                        "0-Edificio 1": {}
                    },
                    "0-Dep. ac. de edificios \u2013 Valores originales": {
                        "0-Edificio 1": {}
                    }
                },
                "0-Dep. ac. de mejoras a edificios": {
                    "0-Dep. ac. de mejoras a edificios \u2013 Revaluaciones": {
                        "0-Edificio 1": {}
                    },
                    "0-Dep. ac. de mejoras a edificios \u2013 Valores originales": {
                        "0-Edificio 1": {}
                    }
                }
            },
            "0-Otros activos": {
                "0-Dep\u00f3sitos de garant\u00eda": {
                    "0-Dep\u00f3sitos sobre conexiones de Internet": {},
                    "0-Dep\u00f3sitos sobre derechos telef\u00f3nicos": {},
                    "0-Dep\u00f3sitos sobre locales en alquiler": {}
                },
                "0-Gastos pagados por anticipado": {
                    "0-P\u00f3lizas de seguros prepagadas": {}
                }
            },
            "root_type": "Asset"
        },
        "0-Gastos": {
            "0-Gastos no deducibles": {
                "0-Diferencial cambiario": {},
                "0-Donaciones no deducibles": {},
                "0-Gastos de presidencia": {},
                "0-Multas": {}
            },
            "0-Gastos principales": {
                "0-Gastos administrativos": {
                    "0-Alquiler": {
                        "0-Oficina 1": {}
                    },
                    "0-Cuota por administraci\u00f3n": {
                        "0-Compa\u00f1\u00eda administradora 1": {}
                    },
                    "0-Equipo de c\u00f3mputo y comunicaci\u00f3n": {
                        "0-Departamento 1": {}
                    },
                    "0-Servicios p\u00fablicos": {
                        "0-Agua": {
                            "0-Medidor 1": {}
                        },
                        "0-Internet": {
                            "0-Contrato 1": {}
                        },
                        "0-Luz": {
                            "0-Medidor 1": {}
                        },
                        "0-Tel\u00e9fono": {
                            "0-Tel\u00e9fono 1": {}
                        }
                    },
                    "0-Suministros de oficina": {
                        "0-Departamento 1": {}
                    }
                },
                "0-Gastos operativos": {
                    "0-Costo de venta de producto": {
                        "0-Costo de almacenamiento": {},
                        "0-Costo de distribuci\u00f3n": {},
                        "0-Costo de materia prima": {},
                        "0-Costo de producci\u00f3n": {},
                        "0-Costo de producto": {}
                    },
                    "0-Gastos de mercadeo": {
                        "0-Campa\u00f1as publicitarias": {},
                        "0-Dise\u00f1o de imagen": {}
                    },
                    "0-Gastos de personal": {
                        "0-Salarios y deducciones": {
                            "0-Aguinaldo": {},
                            "0-Bonificaciones": {},
                            "0-Cargas patronales": {},
                            "0-Cesant\u00eda": {},
                            "0-Comisiones": {},
                            "0-Extras": {},
                            "0-Preaviso": {},
                            "0-Salarios": {}
                        },
                        "0-Vi\u00e1ticos": {
                            "0-Alimentaci\u00f3n": {},
                            "0-Hospedaje": {},
                            "0-Transporte": {}
                        }
                    },
                    "0-Servicios profesionales": {
                        "0-Categor\u00eda 1": {}
                    }
                }
            },
            "0-Otros gastos": {
                "0-Ajustes": {},
                "0-Depreciaci\u00f3n de activo fijo": {},
                "0-Donaciones deducibles": {},
                "0-Gastos Financieros": {},
                "0-Perdida por robo": {}
            },
            "root_type": "Expense"
        },
        "0-Ingresos": {
            "0-Ingresos financieros": {
                "0-Intereses ganados sobre cuentas corrientes": {}
            },
            "0-Ingresos no gravables": {
                "0-Diferencial cambiario": {}
            },
            "0-Ingresos por administraci\u00f3n": {
                "0-Cuota por administraci\u00f3n": {}
            },
            "0-Ingresos por ventas": {},
            "0-Otros ingresos": {
                "0-Ajustes": {},
                "0-Donaciones": {}
            },
            "root_type": "Income"
        },
        "0-Pasivo": {
            "0-Pasivo circulante": {
                "0-Cuentas por pagar": {
                    "0-Cuentas por pagar a compa\u00f1\u00edas relacionadas": {},
                    "0-Cuentas por pagar a empleados": {},
                    "0-Cuentas por pagar a proveedores": {},
                    "0-Cuentas por pagar de provisiones": {}
                },
                "0-Impuestos": {
                    "0-Impuesto de renta": {
                        "0-Adelantos de impuesto de renta": {},
                        "0-Impuesto de renta por pagar": {},
                        "0-Retenciones de impuesto de renta": {}
                    },
                    "0-Impuesto de ventas": {
                        "0-Impuesto de ventas pagado": {},
                        "0-Impuesto de ventas por pagar": {}
                    }
                }
            },
            "root_type": "Liability"
        },
        "0-Patrimonio": {
            "0-Aportes de capital": {
                "0-Socio 1": {}
            },
            "0-Balance inicial": {
                "0-Balance inicial": {}
            },
            "0-Capital social": {
                "0-Socio 1": {}
            },
            "0-Cuentas de super\u00e1vit": {
                "0-Superavit ganado": {},
                "0-Superavit por revaluaci\u00f3n de activos": {},
                "0-Super\u00e1vit de capital": {}
            },
            "0-Otras reservas": {
                "0-Reserva para mejoras": {},
                "0-Reserva para proyectos": {}
            },
            "0-Reserva legal": {
                "0-Reserva legal": {}
            },
            "0-Utilidad o p\u00e9rdida acumulada de periodos anteriores": {
                "0-Periodo 1": {}
            },
            "0-Utilidad o p\u00e9rdida del per\u00edodo actual": {
                "0-Utilidad o p\u00e9rdida del per\u00edodo actual": {}
            },
            "root_type": "Asset"
        }
    }
}
