{
    "country_code": "cr",
    "name": "Costa Rica - Company 1",
    "tree": {
        "xActivo": {
            "root_type": "Asset",
            "xActivo circulante": {
                "xActivo circulante disponible": {
                    "xBancos": {},
                    "xFondos de caja": {
                        "xFondos de caja CRC": {
                            "xFondo de caja oficinas centrales CRC": {}
                        },
                        "xFondos de caja USD": {
                            "xFondo de caja oficinas centrales USD": {}
                        }
                    },
                    "xFondos en tr\u00e1nsito": {
                        "xFondos en tr\u00e1nsito de PayPal a Bancos": {},
                        "xFondos en tr\u00e1nsito en bancos": {},
                        "xFondos en tr\u00e1nsito en tesorer\u00eda": {}
                    },
                    "xInversiones a la vista": {
                        "xInversi\u00f3n 1": {}
                    },
                    "xPayPal": {
                        "xCuenta PayPal 1": {}
                    }
                },
                "xActivo circulante exigible": {
                    "xCuentas por cobrar a compa\u00f1\u00edas relacionadas": {},
                    "xCuentas por cobrar a empleados": {},
                    "xCuentas por cobrar comerciales": {},
                    "xInversiones de corto plazo": {},
                    "xOtras cuentas por cobrar": {}
                },
                "xActivo circulante realizable": {
                    "xInventarios": {
                        "xInventario de consumibles": {},
                        "xInventario de producto para la venta": {}
                    }
                }
            },
            "xActivo fijo": {
                "xActivo fijo depreciable": {
                    "xActivos depreciables m\u00f3viles": {
                        "xEquipo de c\u00f3mputo": {},
                        "xHerramientas mayores": {},
                        "xMaquinaria y equipo de edificios": {},
                        "xMoibliario y equipo de oficina": {},
                        "xVeh\u00edculos": {}
                    },
                    "xEdificios": {
                        "xEdificios \u2013 Revaluaciones": {
                            "xEdificio 1": {}
                        },
                        "xEdificios \u2013 Valores originales": {
                            "xEdificio 1": {}
                        }
                    },
                    "xMejoras a edificios": {
                        "xMejoras a edificios \u2013 Revaluaciones": {
                            "xEdificio 1": {}
                        },
                        "xMejoras a edificios \u2013 Valores originales": {
                            "xEdificio 1": {}
                        }
                    }
                },
                "xActivo fijo no depreciable": {
                    "xTerrenos": {
                        "xRevaluaciones": {
                            "xTerreno 1": {}
                        },
                        "xValores originales": {
                            "xTerreno 1": {}
                        }
                    }
                }
            },
            "xDepreciaciones acumuladas sobre activo fijo depreciable": {
                "xDep. ac. de activos depreciables m\u00f3viles": {
                    "xDep. ac. de equipo de c\u00f3mputo": {},
                    "xDep. ac. de herramientas mayores": {},
                    "xDep. ac. de maquinaria y equipo de edificios": {},
                    "xDep. ac. de mobiliario y equipo de oficina": {},
                    "xDep. ac. de veh\u00edculos": {}
                },
                "xDep. ac. de edificios": {
                    "xDep. ac. de edificios \u2013 Revaluaciones": {
                        "xEdificio 1": {}
                    },
                    "xDep. ac. de edificios \u2013 Valores originales": {
                        "xEdificio 1": {}
                    }
                },
                "xDep. ac. de mejoras a edificios": {
                    "xDep. ac. de mejoras a edificios \u2013 Revaluaciones": {
                        "xEdificio 1": {}
                    },
                    "xDep. ac. de mejoras a edificios \u2013 Valores originales": {
                        "xEdificio 1": {}
                    }
                }
            },
            "xOtros activos": {
                "xDep\u00f3sitos de garant\u00eda": {
                    "xDep\u00f3sitos sobre conexiones de Internet": {},
                    "xDep\u00f3sitos sobre derechos telef\u00f3nicos": {},
                    "xDep\u00f3sitos sobre locales en alquiler": {}
                },
                "xGastos pagados por anticipado": {
                    "xP\u00f3lizas de seguros prepagadas": {}
                }
            }
        },
        "xGastos": {
            "root_type": "Expense",
            "xGastos no deducibles": {
                "xDiferencial cambiario": {},
                "xDonaciones no deducibles": {},
                "xGastos de presidencia": {},
                "xMultas": {}
            },
            "xGastos principales": {
                "xGastos administrativos": {
                    "xAlquiler": {
                        "xOficina 1": {}
                    },
                    "xCuota por administraci\u00f3n": {
                        "xCompa\u00f1\u00eda administradora 1": {}
                    },
                    "xEquipo de c\u00f3mputo y comunicaci\u00f3n": {
                        "xDepartamento 1": {}
                    },
                    "xServicios p\u00fablicos": {
                        "xAgua": {
                            "xMedidor 1": {}
                        },
                        "xInternet": {
                            "xContrato 1": {}
                        },
                        "xLuz": {
                            "xMedidor 1": {}
                        },
                        "xTel\u00e9fono": {
                            "xTel\u00e9fono 1": {}
                        }
                    },
                    "xSuministros de oficina": {
                        "xDepartamento 1": {}
                    }
                },
                "xGastos operativos": {
                    "xCosto de venta de producto": {
                        "xCosto de almacenamiento": {},
                        "xCosto de distribuci\u00f3n": {},
                        "xCosto de materia prima": {},
                        "xCosto de producci\u00f3n": {},
                        "xCosto de producto": {}
                    },
                    "xGastos de mercadeo": {
                        "xCampa\u00f1as publicitarias": {},
                        "xDise\u00f1o de imagen": {}
                    },
                    "xGastos de personal": {
                        "xSalarios y deducciones": {
                            "xAguinaldo": {},
                            "xBonificaciones": {},
                            "xCargas patronales": {},
                            "xCesant\u00eda": {},
                            "xComisiones": {},
                            "xExtras": {},
                            "xPreaviso": {},
                            "xSalarios": {}
                        },
                        "xVi\u00e1ticos": {
                            "xAlimentaci\u00f3n": {},
                            "xHospedaje": {},
                            "xTransporte": {}
                        }
                    },
                    "xServicios profesionales": {
                        "xCategor\u00eda 1": {}
                    }
                }
            },
            "xOtros gastos": {
                "xAjustes": {},
                "xDepreciaci\u00f3n de activo fijo": {},
                "xDonaciones deducibles": {},
                "xGastos Financieros": {},
                "xPerdida por robo": {}
            }
        },
        "xIngresos": {
            "root_type": "Income",
            "xIngresos financieros": {
                "xIntereses ganados sobre cuentas corrientes": {}
            },
            "xIngresos no gravables": {
                "xDiferencial cambiario": {}
            },
            "xIngresos por administraci\u00f3n": {
                "xCuota por administraci\u00f3n": {}
            },
            "xIngresos por ventas": {},
            "xOtros ingresos": {
                "xAjustes": {},
                "xDonaciones": {}
            }
        },
        "xPasivo": {
            "root_type": "Liability",
            "xPasivo circulante": {
                "xCuentas por pagar": {
                    "xCuentas por pagar a compa\u00f1\u00edas relacionadas": {},
                    "xCuentas por pagar a empleados": {},
                    "xCuentas por pagar a proveedores": {},
                    "xCuentas por pagar de provisiones": {}
                },
                "xImpuestos": {
                    "xImpuesto de renta": {
                        "xAdelantos de impuesto de renta": {},
                        "xImpuesto de renta por pagar": {},
                        "xRetenciones de impuesto de renta": {}
                    },
                    "xImpuesto de ventas": {
                        "xImpuesto de ventas pagado": {},
                        "xImpuesto de ventas por pagar": {}
                    }
                }
            }
        },
        "xPatrimonio": {
            "root_type": "Asset",
            "xAportes de capital": {
                "xSocio 1": {}
            },
            "xBalance inicial": {
                "xBalance inicial": {}
            },
            "xCapital social": {
                "xSocio 1": {}
            },
            "xCuentas de super\u00e1vit": {
                "xSuperavit ganado": {},
                "xSuperavit por revaluaci\u00f3n de activos": {},
                "xSuper\u00e1vit de capital": {}
            },
            "xOtras reservas": {
                "xReserva para mejoras": {},
                "xReserva para proyectos": {}
            },
            "xReserva legal": {
                "xReserva legal": {}
            },
            "xUtilidad o p\u00e9rdida acumulada de periodos anteriores": {
                "xPeriodo 1": {}
            },
            "xUtilidad o p\u00e9rdida del per\u00edodo actual": {
                "xUtilidad o p\u00e9rdida del per\u00edodo actual": {}
            }
        }
    }
}
