{
    "country_code": "de",
    "name": "Deutscher Kontenplan SKR03",
	"disabled": "Yes",
    "tree": {
        "Aktiva": {
            "Abgrenzung latenter Steuern": {
                "Abgrenzung aktive latente Steuern": {}
            },
            "Anlageverm\u00f6gen": {
                "Finanzanlagen": {
                    "Anteile an verbundenen Unternehmen": {
                        "Anteile a.herrschender Gesellschaft": {},
                        "Anteile an verbundenen Unternehmen": {}
                    },
                    "Ausleihungen an Unternehmen, mit denen ein Beteiligungsverh\u00e4ltnis besteht": {
                        "Ausleih. an UN mit Beteiligungsverh.": {}
                    },
                    "Ausleihungen an verbundene Unternehmen": {
                        "Ausleihungen an verbundene Unternehmen": {}
                    },
                    "Beteiligungen": {
                        "Andere Beteiligungen an Kapitalges.": {},
                        "Andere Beteiligungen an Personenges.": {},
                        "Atypische stille Beteiligungen": {},
                        "Beteiligung GmbH Co.an Komplement\u00e4r GmbH": {},
                        "Beteiligungen": {},
                        "Typisch stille Beteiligungen": {}
                    },
                    "Genossenschaftsanteile": {
                        "Genossenschaftsanteile z.lfr.Verbleib": {}
                    },
                    "R\u00fcckdeckungsanspr\u00fcche aus Lebensversicherungen": {
                        "LV-R\u00fcckdeckungsanspr\u00fcche z.lfr.Verbl.": {}
                    },
                    "Wertpapiere des Anlageverm\u00f6gens": {
                        "Festverzinsliche Wertpapiere": {},
                        "Wertpapiere des Anlageverm\u00f6gens": {},
                        "Wertpapiere mit Gewinnbeteil.anspr\u00fcch.": {}
                    },
                    "sonstige Ausleihungen": {
                        "Ausleihungen an Gesellschafter": {},
                        "Ausleihungen an nahe stehende Personen": {},
                        "Darlehen": {},
                        "Sonstige Ausleihungen": {}
                    }
                },
                "Immaterielle Verm\u00f6gensgegenst\u00e4nde": {
                    "Gesch\u00e4fts- oder Firmenwert": {
                        "Gesch\u00e4fts- oder Firmenwert": {},
                        "Verschmelzungsmehrwert": {}
                    },
                    "Konzessionen, gewerbliche Schutzrechte und \u00e4hnliche Rechte und Werte sowie Lizenzen an solchen Rechten und Werten": {
                        "EDV-Software": {},
                        "Gewerbliche Schutzrechte": {},
                        "Konzessionen": {},
                        "Konzessionen und gewerbl.Schutzrechte": {},
                        "Lizenzen an gewerblichen Schutzrechten": {},
                        "\u00c4hnliche Rechte und Werte": {}
                    },
                    "geleistete Anzahlungen": {
                        "Anzahlungen auf Gesch\u00e4fts-, Firmenwert": {},
                        "Anzahlungen immaterielle VermG": {}
                    }
                },
                "Sachanlagen": {
                    "Grundst\u00fccke, grundst\u00fccksgleiche Rechte und Bauten einschlie\u00dflich der Bauten auf fremden Grundst\u00fccken": {
                        "Andere Bauten": {},
                        "Au\u00dfenanlagen": {},
                        "Bauten auf eigenen Grundst\u00fccken": {},
                        "Bauten auf fremden Grundst\u00fccken": {},
                        "Einrichtung Fabrik- und Gesch\u00e4ftsbauten": {},
                        "Einrichtungen f\u00fcr Wohnbauten": {},
                        "Fabrikbauten": {},
                        "Garagen": {},
                        "Geb\u00e4udeteil h\u00e4usliches Arbeitszimmer": {},
                        "Gesch\u00e4ftsbauten": {},
                        "Grundst\u00fccke mit Substanzverzehr": {},
                        "Grundst\u00fccke, grundst\u00fccksgl. Rechte": {},
                        "Grundst\u00fccke,grndst.Rechte und Bauten": {},
                        "Grundst\u00fccksanteil h\u00e4usl. Arbeitszimmer": {},
                        "Grundst\u00fccksgleiche Rechte": {},
                        "Grundst\u00fcckswert bebauter Grundst\u00fccke": {},
                        "Hof- und Wegebefestigungen": {},
                        "Unbebaute Grundst\u00fccke": {},
                        "Wohnbauten": {}
                    },
                    "andere Anlagen, Betriebs- und Gesch\u00e4ftsausstattung": {
                        "Andere Anlagen": {},
                        "Betriebs- und Gesch\u00e4ftsausstattung": {},
                        "Betriebsausstattung": {},
                        "B\u00fcroeinrichtung": {},
                        "Einbauten": {},
                        "Geringwertige WG Sammelposten": {},
                        "Geringwertige Wirtschaftsg\u00fcter": {},
                        "Ger\u00fcst- und Schalungsmaterial": {},
                        "Gesch\u00e4ftsausstattung": {},
                        "LKW": {},
                        "Ladeneinrichtung": {},
                        "PKW": {},
                        "Sonstige Betriebs-u.Gesch.ausstattung": {},
                        "Sonstige Transportmittel": {},
                        "Werkzeuge": {}
                    },
                    "geleistete Anzahlungen und Anlagen im Bau": {
                        "Anzahlg. auf Bauten eigen. Grundst\u00fccken": {},
                        "Anzahlg. auf Bauten fremd. Grundst\u00fccken": {},
                        "Anzahlg. auf Wohnbauten a.eig.Grundst": {},
                        "Anzahlung Betriebs- u. Gesch.ausstattung": {},
                        "Anzahlungen a. Wohnbauten a. fremd. Gr.": {},
                        "Anzahlungen a.Grundst\u00fccke ohne Bauten": {},
                        "Anzahlungen auf technische Anlagen": {},
                        "Betriebs- u. Gesch.ausstattung im Bau": {},
                        "Gesch\u00e4fts-,Fabrik-u.and. Bauten im Bau": {},
                        "Technische Anlagen und Maschinen im Bau": {},
                        "Wohnbauten im Bau": {}
                    },
                    "technische Anlagen und Maschinen": {
                        "Betriebsvorrichtungen": {},
                        "Maschinelle Anlagen": {},
                        "Maschinen": {},
                        "Maschinengebundene Werkzeuge": {},
                        "Technische Anlagen und Maschinen": {},
                        "Transportanlagen und \u00c4hnliches": {}
                    }
                }
            },
            "Aufwendungen f\u00fcr die Ingangsetzung und Erweiterung des Gesch\u00e4ftsbetriebs": {
                "Ingangsetzungs- und Erweiterungsaufwand": {}
            },
            "Aufwendungen f\u00fcr die W\u00e4hrungsumstellung auf den Euro": {},
            "Ausstehende Einlagen": {
                "davon eingefordert": {}
            },
            "Rechnungsabgrenzungsposten": {
                "Aktive Rechnungsabgrenzung": {},
                "Aufwand Umsatzsteuer auf Anzahlungen": {},
                "Aufwand Z\u00f6lle und Verbrauchsteuern": {},
                "Damnum/Disagio": {}
            },
            "Umlaufverm\u00f6gen": {
                "Forderungen und sonstige Verm\u00f6gensgegenst\u00e4nde": {
                    "Forderungen aus Lieferungen und Leistungen": {
                        "Einzelwertberichtigung Forderung(b.1J)": {},
                        "Forderg. aus L+L gg.Gesellschafter b.1 J": {},
                        "Forderg. aus stfr., n. steuerbaren L+L": {
                            "account_type": "Receivable"
                        },
                        "Forderg.a. Lieferungen/Leistungen b.1 J": {},
                        "Forderungen aus L+L allgem. Steuersatz": {},
                        "Forderungen aus L+L erm\u00e4\u00dfigt. Steuersatz": {
                            "account_type": "Receivable"
                        },
                        "Forderungen aus L+L gem\u00e4\u00df \u00a7 24 UStG": {},
                        "Forderungen aus L+L gg. Gesellschafter": {
                            "account_type": "Receivable"
                        },
                        "Forderungen aus Lieferungen u.Leistung": {
                            "account_type": "Receivable"
                        },
                        "Forderungen nach \u00a7 11 EStG f\u00fcr \u00a7 4/3": {
                            "account_type": "Receivable"
                        },
                        "Gegenkonto bei Aufteilung Debitoren": {},
                        "Gegenkonto sonst.VG bei Buchung Debitor": {},
                        "Gegenkto Aufteilung der Forderungen L+L": {},
                        "Pauschalwertberichtigung Forderg./b.1J": {},
                        "Wechsel a. Lieferungen/Leistungen b.1 J": {},
                        "Wechsel a. Lieferungen/Leistungen bbf.": {},
                        "Wechsel aus Lieferung und Leistung": {},
                        "Zweifelhafte Forderungen": {},
                        "Zweifelhafte Forderungen (bis 1 Jahr)": {},
                        "davon mit einer Restlaufzeit von mehr als einem Jahr": {
                            "Einzelwertberichtigung Forderung(g.1J)": {},
                            "Forderg. aus L+L gg.Gesellschafter g.1 J": {},
                            "Forderg.a. Lieferungen/Leistungen g.1 J": {},
                            "Pauschalwertberichtigung Forderg./g.1J": {},
                            "Wechsel a. Lieferungen/Leistungen g.1 J": {},
                            "Zweifelhafte Forderungen (g. 1 Jahr)": {}
                        }
                    },
                    "Forderungen gegen Unternehmen, mit denen ein Beteiligungsverh\u00e4ltnis besteht": {
                        "Besitzwechsel gg.UN m. Beteiligungsverh.": {},
                        "Besitzwechsel gg.UN m.Beteiligg.verh.b1J": {},
                        "Besitzwechsel gg.UN m.Beteiligg.verh.bbf": {},
                        "Forderg. L+L gg.UN m. Beteiligungsverh.": {
                            "account_type": "Receivable"
                        },
                        "Forderg. L+L gg.UN m.Beteiligg.verh.b1J": {},
                        "Forderg. gg. UN mit Beteiligg.verh. b.1J": {},
                        "Forderungen gg. UN m. Beteiligungsverh.": {},
                        "WB Forderg.gg.UN m.Beteiligg.verh. b.1J": {},
                        "davon mit einer Restlaufzeit von mehr als einem Jahr": {
                            "Besitzwechsel gg.UN m.Beteiligg.verh.g1J": {},
                            "Forderg. L+L gg.UN m.Beteiligg.verh.g1J": {},
                            "Forderg. gg. UN mit Beteiligg.verh. g.1J": {},
                            "WB Forderg.gg.UN m.Beteiligg.verh. g.1J": {}
                        }
                    },
                    "Forderungen gegen verbundene Unternehmen": {
                        "Besitzwechs.gg.verb.UN, bundesbankf\u00e4hig": {},
                        "Besitzwechsel gegen verbund. Unternehmen": {},
                        "Besitzwechsel gegen verbundene UN (b.1J)": {},
                        "Forderungen aus L+L gg. verbund. UN b.1J": {},
                        "Forderungen aus L+L gg. verbundenen UN": {
                            "account_type": "Receivable"
                        },
                        "Forderungen gegen verbund.Unternehmen": {},
                        "Forderungen gg. verbundene UN(b. 1 J)": {},
                        "WB Forderungen gg. verbundene UN (b.1J)": {},
                        "davon mit einer Restlaufzeit von mehr als einem Jahr": {
                            "Besitzwechsel gegen verbundene UN (g.1J)": {},
                            "Forderungen aus L+L gg. verbund. UN g.1J": {},
                            "Forderungen gg. verbundene UN(g. 1 J)": {},
                            "WB Forderungen gg. verbundene UN (g.1J)": {}
                        }
                    },
                    "sonstige Verm\u00f6gensgegenst\u00e4nde": {
                        "Abziehbare Vorsteuer": {},
                        "Abziehbare Vorsteuer 16%": {},
                        "Abziehbare Vorsteuer 19%": {},
                        "Abziehbare Vorsteuer 7%": {},
                        "Abziehbare Vorsteuer aus EG-Erwerb": {},
                        "Abziehbare Vorsteuer aus EG-Erwerb 16%": {},
                        "Abziehbare Vorsteuer aus EG-Erwerb 19%": {},
                        "Abziehbare Vorsteuer \u00a7 13a UStG": {},
                        "Abziehbare Vorsteuer \u00a7 13b UStG": {},
                        "Abziehbare Vorsteuer \u00a7 13b UStG 16%": {},
                        "Abziehbare Vorsteuer \u00a7 13b UStG 19%": {},
                        "Agenturwarenabrechnung": {},
                        "Anspr\u00fcche a. R\u00fcckdeckungsversicherung": {},
                        "Aufl\u00f6sung Vorsteuer Vorjahr \u00a7 4/3 EStG": {},
                        "Aufzuteil. Vorsteuer aus EG-Erwerb 19%": {},
                        "Aufzuteil. Vorsteuer \u00a7\u00a7 13a/13b UStG": {},
                        "Aufzuteil. Vorsteuer \u00a7\u00a713a/13b USt 16%": {},
                        "Aufzuteil. Vorsteuer \u00a7\u00a713a/13b USt 19%": {},
                        "Aufzuteilende Vorsteuer": {},
                        "Aufzuteilende Vorsteuer 16%": {},
                        "Aufzuteilende Vorsteuer 19%": {},
                        "Aufzuteilende Vorsteuer 7%": {},
                        "Aufzuteilende Vorsteuer aus EG-Erwerb": {},
                        "Darlehen": {},
                        "Darlehen bis 1 Jahr": {},
                        "Durchlaufende Posten": {},
                        "Einfuhr-Umsatzsteuer": {},
                        "Forderg. an FA aus abgef\u00fchrtem Bauabzug": {},
                        "Forderg. gg. Personal Lohn- u. Gehalt": {},
                        "Forderungen aus Verbrauchsteuern": {},
                        "Forderungen gegen Personal (bis 1Jahr)": {},
                        "Forderungen gg. Aufsichtsratsm. (b.1 J)": {},
                        "Forderungen gg. Gesch\u00e4ftsf.(b.1J)": {},
                        "Forderungen gg. Gesellschafter (b.1J)": {},
                        "Fremdgeld": {},
                        "Gegenkonto Vorsteuer \u00a7 4/3 EStG": {},
                        "Gegenkto. Vorsteuer Durchschnittss\u00e4tze": {},
                        "Geldtransit": {},
                        "Genossenschaftsanteile z.kfr.Verbleib": {},
                        "Gewinnermittlung \u00a74/3 ergebniswirksam": {},
                        "Gewinnermittlung \u00a74/3 nicht ergebnisw.": {},
                        "GmbH-Anteile z.kurzfristigen Verbleib": {},
                        "Kautionen": {},
                        "Kautionen (bis 1 J)": {},
                        "K\u00f6rperschaftsteuerguthaben \u00a737 (b.1 J)": {},
                        "K\u00f6rperschaftsteuerr\u00fcckforderung": {},
                        "Nachtr\u00e4gl. abz. Vorsteuer \u00a7 15a Abs. 2": {},
                        "Nachtr\u00e4gl. abz. Vorsteuer, bewegl. WG": {},
                        "Nachtr\u00e4gl. abz. Vorsteuer, unbewegl. WG": {},
                        "Sonstige Verm\u00f6gensgegenst\u00e4nde": {},
                        "Sonstige Verm\u00f6gensgegenst\u00e4nde (b.1 J)": {},
                        "Steuererst.anspruch gegen ander. EG-Land": {},
                        "Steuer\u00fcberzahlungen": {},
                        "USt-Forderungen": {},
                        "Verrechnung Ist-Versteuerung": {},
                        "Verrechnung geleistete Anzahlungen": {},
                        "Vorsteuer EG-Erwerb neue Kfz ohne UStID": {},
                        "Vorsteuer allgem. Durchschnittss\u00e4tze": {},
                        "Vorsteuer aus Investitionen \u00a7 4/3 EStG": {},
                        "Vorsteuer im Folgejahr abziehbar": {},
                        "Wirtschaftsg\u00fcter Umlaufverm. \u00a7 4/3 EStG": {},
                        "Zur\u00fcckzuzahl. Vorsteuer, unbewegl. WG": {},
                        "Zur\u00fcckzuzahlende Vorsteuer \u00a715a Abs.2": {},
                        "Zur\u00fcckzuzahlende Vorsteuer, bewegl.WG": {},
                        "davon mit einer Restlaufzeit von mehr als einem Jahr": {
                            "Darlehen g. 1 Jahr": {},
                            "Forderungen gegen Personal (g. 1Jahr)": {},
                            "Forderungen gg. Aufsichtsratsm. (g.1 J)": {},
                            "Forderungen gg. Gesch\u00e4ftsf.(g.1J)": {},
                            "Forderungen gg. Gesellschafter (g.1J)": {},
                            "Kautionen (g. 1 J)": {},
                            "K\u00f6rperschaftsteuerguthaben \u00a737 (g.1 J)": {},
                            "Sonstige Verm\u00f6gensgegenst\u00e4nde (g.1 J)": {}
                        },
                        "\u00dcberleitung Kostenstellen": {}
                    }
                },
                "Kassenbestand, Bundesbankguthaben, Guthaben bei Kreditinstituten und Schecks": {
                    "Bank": {},
                    "Bank 1": {},
                    "Bank 2": {},
                    "Bank 3": {},
                    "Bank 4": {},
                    "Bank 5": {},
                    "Bundesbankguthaben": {},
                    "Finanzmittelanlagen kurzfr. Disposition": {},
                    "Kasse": {},
                    "LZB-Guthaben": {},
                    "Nebenkasse 1": {},
                    "Nebenkasse 2": {},
                    "Postbank": {},
                    "Postbank 1": {},
                    "Postbank 2": {},
                    "Postbank 3": {},
                    "Schecks": {},
                    "Verbindlichkeiten gg. Kreditinstituten": {}
                },
                "Vorr\u00e4te": {
                    "Roh-, Hilfs- und Betriebsstoffe": {
                        "Bestand Roh-,Hilfs- und Betriebsstoffe": {}
                    },
                    "erhaltene Anzahlungen auf Bestellungen": {
                        "Erhaltene Anzahlungen": {}
                    },
                    "fertige Erzeugnisse und Waren": {
                        "Bestand Waren": {},
                        "Fertige Erzeugnisse": {},
                        "Fertige Erzeugnisse und Waren": {},
                        "Waren": {}
                    },
                    "geleistete Anzahlungen": {
                        "Geleistete Anzahlungen 15% Vorsteuer": {},
                        "Geleistete Anzahlungen 16% Vorsteuer": {},
                        "Geleistete Anzahlungen 19% Vorsteuer": {},
                        "Geleistete Anzahlungen 7% Vorsteuer": {},
                        "Geleistete Anzahlungen auf Vorr\u00e4te": {}
                    },
                    "in Arbeit befindliche Auftr\u00e4ge": {
                        "In Arbeit befindliche Auftr\u00e4ge": {}
                    },
                    "in Ausf\u00fchrung befindliche Bauauftr\u00e4ge": {
                        "In Ausf\u00fchrung befindl. Bauauftr\u00e4ge": {}
                    },
                    "unfertige Erzeugnisse, unfertige Leistungen": {
                        "Unfertige Erzeugnisse": {},
                        "Unfertige Erzeugnisse und Leistungen": {},
                        "Unfertige Leistungen": {}
                    }
                },
                "Wertpapiere": {
                    "Anteile an verbundenen Unternehmen": {
                        "Anteile a.herrschender Gesellschaft": {},
                        "Anteile an verbundenen Unternehmen": {}
                    },
                    "eigene Anteile": {
                        "Eigene Anteile": {}
                    },
                    "sonstige Wertpapiere": {
                        "Finanzwechsel": {},
                        "Sonstige Wertpapiere": {},
                        "Wertpap. mit geringen Wertschwankungen": {},
                        "Wertpapieranlagen kurzfr. Disposition": {}
                    }
                }
            },
			"root_type": "Asset"
        },
        "Passiva": {
            "Einlagen stiller Gesellschafter": {},
            "Kapital": {
                "Anfangskapital": {
                    "Festkapital (EK)": {},
                    "Gesellschafter-Darlehen (FK)": {},
                    "Kommandit-Kapital (EK)": {},
                    "Variables Kapital (EK)": {},
                    "Verlustausgleich (EK)": {}
                },
                "Einlagen": {},
                "Entnahmen": {
                    "Au\u00dfergew\u00f6hnliche Belastungen": {},
                    "Au\u00dfergew\u00f6hnliche Belastungen TH": {},
                    "Grundst\u00fccksaufwand": {},
                    "Grundst\u00fccksaufwand TH": {},
                    "Grundst\u00fccksertrag": {},
                    "Grundst\u00fccksertrag TH": {},
                    "Privateinlagen": {},
                    "Privateinlagen TH": {},
                    "Privatentnahmen allgemein": {},
                    "Privatentnahmen allgemein TH": {},
                    "Privatsteuern": {},
                    "Privatsteuern TH": {},
                    "Sonderausgaben beschr\u00e4nkt abzugsf. TH": {},
                    "Sonderausgaben beschr\u00e4nkt abzugsf\u00e4hig": {},
                    "Sonderausgaben unbeschr\u00e4nkt abzugsf. TH": {},
                    "Sonderausgaben unbeschr\u00e4nkt abzugsf\u00e4hig": {},
                    "Unentgeltliche Wertabgaben": {},
                    "Unentgeltliche Wertabgaben TH": {},
                    "Zuwendungen, Spenden": {},
                    "Zuwendungen, Spenden TH": {}
                },
                "Jahres\u00fcberschuss Jahresfehlbetrag": {}
            },
            "Rechnungsabgrenzungsposten": {
                "Passive Rechnungsabgrenzung": {},
                "Verbindlichkeiten aus der Begebung und \u00dcbertragung von Wechseln, aus B\u00fcrgschaften, Wechsel- und Scheckb\u00fcrgschaften und aus Gew\u00e4hrleistungsvertr\u00e4gen sowie Haftung aus Bestellung von Sicherheiten f\u00fcr fremde Verbindlichkeiten": {}
            },
            "R\u00fcckstellungen": {
                "R\u00fcckstellungen f\u00fcr Pensionen und \u00e4hnliche Verpflichtungen": {
                    "Pensions-und \u00e4hnliche R\u00fcckstellungen": {}
                },
                "Steuerr\u00fcckstellungen": {
                    "Gewerbesteuerr\u00fcckstellung": {},
                    "Gewerbesteuerr\u00fcckstellung \u00a7 4 Abs. 5b": {},
                    "K\u00f6rperschaftsteuerr\u00fcckstellung": {},
                    "R\u00fcckstellungen f\u00fcr latente Steuern": {},
                    "Steuerr\u00fcckstellungen": {},
                    "USt nicht f\u00e4llig, EG-Lieferungen": {},
                    "USt nicht f\u00e4llig, EG-Lieferungen 16%": {},
                    "USt nicht f\u00e4llig, EG-Lieferungen 19%": {},
                    "Umsatzsteuer nicht f\u00e4llig": {},
                    "Umsatzsteuer nicht f\u00e4llig 16%": {},
                    "Umsatzsteuer nicht f\u00e4llig 19%": {},
                    "Umsatzsteuer nicht f\u00e4llig 7%": {}
                },
                "sonstige R\u00fcckstellungen": {
                    "Aufwandsr\u00fcckstellungen \u00a7 249 II HGB": {},
                    "R\u00fcckstellungen Abraum-/Abfallbeseit.": {},
                    "R\u00fcckstellungen Instandhaltung 4-12 Mon.": {},
                    "R\u00fcckstellungen Instandhaltung bis 3 Mon.": {},
                    "R\u00fcckstellungen f. Gew\u00e4hrleistungen": {},
                    "R\u00fcckstellungen f. drohende Verluste": {},
                    "R\u00fcckstellungen f\u00fcr Abschluss u. Pr\u00fcfung": {},
                    "R\u00fcckstellungen f\u00fcr Aufbewahrungspflicht": {},
                    "R\u00fcckstellungen f\u00fcr Personalkosten": {},
                    "R\u00fcckstellungen f\u00fcr Umweltschutz": {},
                    "Sonstige R\u00fcckstellungen": {}
                }
            },
            "Sonderposten aus der W\u00e4hrungsumstellung auf den Euro": {},
            "Sonderposten f\u00fcr Zusch\u00fcsse und Zulagen": {
                "Sonderposten f\u00fcr Zusch\u00fcsse u. Zulagen": {}
            },
            "Sonderposten mit R\u00fccklageanteil": {
                "SoPo mit R\u00fccklageanteil EStR R 6.6": {},
                "SoPo mit R\u00fccklageanteil Sonder-AfA \u00a7 7g": {},
                "SoPo mit R\u00fccklageanteil \u00a7 6b EStG": {},
                "SoPo mit R\u00fccklageanteil \u00a7 7g /3, 7 a.F.": {},
                "SoPo mit R\u00fccklageanteil \u00a7 7g Abs.2 n.F.": {},
                "SoPo mit R\u00fccklageanteil \u00a752 Abs.16 EStG": {},
                "SoPo mit R\u00fccklageanteil, Sonder-AfA": {},
                "SoPo mit R\u00fccklageanteil, stfr. R\u00fccklage": {}
            },
            "Verbindlichkeiten": {
                "Anleihen": {
                    "Anleihen, nicht konvertibel (1-5 Jahre)": {},
                    "Anleihen, nicht konvertibel (g.5 Jahre)": {},
                    "davon konvertibel": {
                        "Anleihen konvertibel": {},
                        "Anleihen konvertibel(1-5 Jahre)": {},
                        "Anleihen konvertibel(bis 1 Jahr)": {},
                        "Anleihen konvertibel(gr\u00f6\u00dfer 5 Jahre)": {}
                    },
                    "davon mit einer Restlaufzeit bis zu einem Jahr": {
                        "Anleihen, nicht konvertibel": {},
                        "Anleihen, nicht konvertibel (b. 1 Jahr)": {}
                    }
                },
                "Verbindlichkeiten aus Lieferungen und Leistungen": {
                    "Verbindl. aus L+L gg. Gesellsch. 1-5 J": {},
                    "Verbindl. aus L+L gg. Gesellsch. g. 5J": {},
                    "Verbindl.a.Lieferungen/Leistungen 1-5 J": {},
                    "Verbindl.a.Lieferungen/Leistungen g.5 J": {},
                    "davon mit einer Restlaufzeit bis zu einem Jahr": {
                        "Gegenkonto bei Aufteilung Kreditoren": {},
                        "Gegenkto Aufteilung Verbindlichk. L+L": {},
                        "Verbindl. aus L+L allgem. Steuersatz": {
                            "account_type": "Payable"
                        },
                        "Verbindl. aus L+L erm\u00e4\u00dfigt. Steuersatz": {
                            "account_type": "Payable"
                        },
                        "Verbindl. aus L+L gg. Gesellsch. b. 1J": {},
                        "Verbindl. aus L+L gg. Gesellschaftern": {
                            "account_type": "Payable"
                        },
                        "Verbindl. aus L+L gg. verbundenen UN": {
                            "account_type": "Payable"
                        },
                        "Verbindl. aus L+L ohne Vorsteuerabzug": {
                            "account_type": "Payable"
                        },
                        "Verbindl. aus Lieferungen u. Leistungen": {
                            "account_type": "Payable"
                        },
                        "Verbindl.a.Lieferungen/Leistungen b.1 J": {},
                        "Verbindl.aus L+L gg.UN m.Beteiligg.verh.": {
                            "account_type": "Payable"
                        },
                        "Verbindlichk. Investitionen \u00a7 4/3 EStG": {}
                    }
                },
                "Verbindlichkeiten aus der Annahme gezogener Wechsel und der Ausstellung eigener Wechsel": {
                    "Schuldwechsel (1-5 Jahre)": {},
                    "Schuldwechsel (gr\u00f6\u00dfer 5 Jahre)": {},
                    "davon mit einer Restlaufzeit bis zu einem Jahr": {
                        "Schuldwechsel": {},
                        "Schuldwechsel (bis 1 Jahr)": {}
                    }
                },
                "Verbindlichkeiten gegen\u00fcber Kreditinstituten": {
                    "Gegenkonto bei Aufteilung Kto 0690-98": {},
                    "TZ-Verbindlichkeit. Kreditinstitut,1-5 J": {},
                    "TZ-Verbindlichkeit. Kreditinstitut,g.5 J": {},
                    "Verbindlichkeiten Kreditinstitut(1-5J)": {},
                    "Verbindlichkeiten Kreditinstitut(g.5J)": {},
                    "davon mit einer Restlaufzeit bis zu einem Jahr": {
                        "TZ-Verbindlichkeit. Kreditinstitut,b.1 J": {},
                        "TZ-Verbindlichkeit. gg. Kreditinstituten": {},
                        "Verbindlichkeiten Kreditinstitut(b.1J)": {},
                        "Verbindlichkeiten gg. Kreditinstituten": {}
                    }
                },
                "Verbindlichkeiten gegen\u00fcber Unternehmen, mit denen ein Beteiligungsverh\u00e4ltnis besteht": {
                    "Verbindl. gg.UN mit Beteiligg.verh. 1-5J": {},
                    "Verbindl. gg.UN mit Beteiligg.verh. g.5J": {},
                    "Verbindl.aus L+L gg.UN m. Bet.verh. 1-5J": {},
                    "Verbindl.aus L+L gg.UN m. Bet.verh. g.5J": {},
                    "davon mit einer Restlaufzeit bis zu einem Jahr": {
                        "Verbindl. gg.UN mit Beteiligg.verh. b.1J": {},
                        "Verbindl. gg.UN mit Beteiligungsverh.": {},
                        "Verbindl.aus L+L gg.UN m. Bet.verh. b.1J": {}
                    }
                },
                "Verbindlichkeiten gegen\u00fcber verbundenen Unternehmen": {
                    "Verbindl.aus L+L gg.verbundenen UN 1-5 J": {},
                    "Verbindl.aus L+L gg.verbundenen UN g.5 J": {},
                    "Verbindlichkeit. gg.verbundene UN(1-5 J)": {},
                    "Verbindlichkeit. gg.verbundene UN(g.5 J)": {},
                    "davon mit einer Restlaufzeit bis zu einem Jahr": {
                        "Verbindl.aus L+L gg.verbundenen UN b. 1J": {},
                        "Verbindlichk.gegen\u00fcber verbundenen UN": {},
                        "Verbindlichkeit. gg.verbundene UN(b.1 J)": {}
                    }
                },
                "erhaltene Anzahlungen auf Bestellungen": {
                    "Erhaltene Anzahlungen (1-5 Jahre)": {},
                    "Erhaltene Anzahlungen (g. 5 Jahre)": {},
                    "davon mit einer Restlaufzeit bis zu einem Jahr": {
                        "Erhaltene Anzahlungen": {},
                        "Erhaltene Anzahlungen (bis 1 Jahr)": {},
                        "Erhaltene Anzahlungen 15% USt": {},
                        "Erhaltene Anzahlungen 16% USt": {},
                        "Erhaltene Anzahlungen 19% USt": {},
                        "Erhaltene Anzahlungen 7% USt": {}
                    }
                },
                "sonstige Verbindlichkeiten": {
                    "Darlehen 1-5 Jahre": {},
                    "Darlehen atyp. stiller Gesellsch.(1-5J)": {},
                    "Darlehen atyp. stiller Gesellsch.(g.5J)": {},
                    "Darlehen g. 5 Jahre": {},
                    "Darlehen typ. stiller Gesellsch.(1-5J)": {},
                    "Darlehen typ. stiller Gesellsch.(g.5J)": {},
                    "Erhaltene Kautionen (1-5 Jahre)": {},
                    "Erhaltene Kautionen (gr\u00f6\u00dfer 5 Jahre)": {},
                    "Gegenkonto bei Aufteilung Kto 0790-98": {},
                    "Partiarische Darlehen(1-5 Jahre)": {},
                    "Partiarische Darlehen(g. 5 Jahre)": {},
                    "Sonst. Verbindlichkeiten nach \u00a711 EStG": {},
                    "Sonstige Verbindlichkeiten (1-5 J)": {},
                    "Sonstige Verbindlichkeiten (g. 5 J)": {},
                    "Verbindlichkeit.gg. Gesellschaftern 1-5J": {},
                    "Verbindlichkeit.gg. Gesellschaftern g.5J": {},
                    "davon aus Steuern": {
                        "Aufgeschobene Einfuhr-Umsatzsteuer": {},
                        "Nachsteuer": {},
                        "Steuerzahlungen an andere EG-L\u00e4nder": {},
                        "USt EG-Erwerb Neufahrzeuge ohne UStID": {},
                        "USt aus EG-Erwerb ohne Vorsteuerabzug": {},
                        "USt im anderen EG-Land s.Leist./Werkl.": {},
                        "USt im anderen EG-Land stpfl.Lieferung": {},
                        "Umsatzsteuer": {},
                        "Umsatzsteuer 16%": {},
                        "Umsatzsteuer 19%": {},
                        "Umsatzsteuer 7%": {},
                        "Umsatzsteuer EG-Lieferungen": {},
                        "Umsatzsteuer EG-Lieferungen 19%": {},
                        "Umsatzsteuer Vorjahr": {},
                        "Umsatzsteuer aus EG-Erwerb": {},
                        "Umsatzsteuer aus EG-Erwerb 16%": {},
                        "Umsatzsteuer aus EG-Erwerb 19%": {},
                        "Umsatzsteuer fr\u00fchere Jahre": {},
                        "Umsatzsteuer laufendes Jahr": {},
                        "Umsatzsteuer nach \u00a7 13a UStG": {},
                        "Umsatzsteuer nach \u00a7 13b UStG": {},
                        "Umsatzsteuer nach \u00a7 13b UStG 16%": {},
                        "Umsatzsteuer nach \u00a7 13b UStG 19%": {},
                        "Umsatzsteuervorauszahlungen": {},
                        "Umsatzsteuervorauszahlungen 1/11": {},
                        "Unrichtig oder unberechtigt ausgew. USt": {},
                        "Verbindl. Steuern und Abgaben": {},
                        "Verbindl. Steuern und Abgaben (1-5 J)": {},
                        "Verbindl. Steuern und Abgaben (b. 1 J)": {},
                        "Verbindl. Steuern und Abgaben (g. 5 J)": {},
                        "Verbindl. an FA abzuf\u00fchrender Bauabzug": {},
                        "Verbindlichk. Lohn- und Kirchensteuer": {},
                        "Verbindlichk. a.Einbehaltung (KapESt)": {},
                        "Verbindlichkeiten f\u00fcr Verbrauchsteuern": {}
                    },
                    "davon im Rahmen der sozialen Sicherheit": {
                        "Verbindl. soziale Sicherheit \u00a74/3 EStG": {},
                        "Verbindlichk. Verm\u00f6gensbildung(1-5J)": {},
                        "Verbindlichk. Verm\u00f6gensbildung(b.1J)": {},
                        "Verbindlichk. Verm\u00f6gensbildung(g.5J)": {},
                        "Verbindlichk. soziale Sicherheit(1-5J)": {},
                        "Verbindlichk. soziale Sicherheit(b.1J)": {},
                        "Verbindlichk. soziale Sicherheit(g.5J)": {},
                        "Verbindlichkeiten a. Verm\u00f6gensbildung": {},
                        "Verbindlichkeiten soziale Sicherheit": {},
                        "Voraus.Beitrag ggb. Sozialversich.tr\u00e4ger": {}
                    },
                    "davon mit einer Restlaufzeit bis zu einem Jahr": {
                        "Agenturwarenabrechnung": {},
                        "Darlehen": {},
                        "Darlehen atyp. stiller Gesellsch.(b.1J)": {},
                        "Darlehen atyp. stiller Gesellschafter": {},
                        "Darlehen bis 1 Jahr": {},
                        "Darlehen typ. stiller Gesellsch.(b.1J)": {},
                        "Darlehen typ. stiller Gesellschafter": {},
                        "Erhaltene Kautionen": {},
                        "Erhaltene Kautionen (bis 1 Jahr)": {},
                        "Gewinnverf\u00fcgung stille Gesellschaft.": {},
                        "Kreditkartenabrechnung": {},
                        "Lohn- und Gehaltsverrechnungen": {},
                        "Lohn/Gehaltsverrechnung \u00a711 f. 4/3 EStG": {},
                        "Partiarische Darlehen": {},
                        "Partiarische Darlehen(bis 1 Jahr)": {},
                        "Sonstige Verbindlichkeiten": {},
                        "Sonstige Verbindlichkeiten (bis 1 J)": {},
                        "Sonstige Verrechnung": {},
                        "Verb.gg.Gesellschaftern off.Aussch\u00fcttg.": {},
                        "Verbindlichk. Einbehaltung Arbeitnehmer": {},
                        "Verbindlichkeit.gg. Gesellschaftern": {},
                        "Verbindlichkeit.gg. Gesellschaftern b.1J": {},
                        "Verbindlichkeiten aus Lohn und Gehalt": {},
                        "Verrechnung erhaltene Anzahlungen": {}
                    }
                }
            },
			"root_type": "Liability"
        },
        "Ergebnis vor Steuern": {
            "Betriebsergebnis": {
                "Betriebl. Rohertrag": {
                    "Rohertrag": {
                        "Gesamtleistung": {
                            "Akt.Eigenleistungen": {
                                "Andere aktivierte Eigenleistungen": {}
                            },
                            "Best.Verdg. FE/UE": {
                                "Bestandsver\u00e4nd.unfertige Erzeugnisse": {},
                                "Bestandsver\u00e4nderung Auftr\u00e4ge in Arbeit": {},
                                "Bestandsver\u00e4nderung Bauauftr\u00e4ge": {},
                                "Bestandsver\u00e4nderung fertige Erzeugnisse": {},
                                "Bestandsver\u00e4nderung unfertige Leistung": {}
                            },
                            "Umsatzerl\u00f6se": {
                                "Entnahme Unternehmer (Waren) 19% USt": {},
                                "Entnahme Unternehmer (Waren) 7% USt": {},
                                "Entnahme Unternehmer (Waren) ohne USt": {},
                                "Entnahme von Gegenst\u00e4nden ohne USt": {},
                                "Erl\u00f6se": {},
                                "Erl\u00f6se 16% USt": {},
                                "Erl\u00f6se 19% USt": {},
                                "Erl\u00f6se EG-Lieferungen 16% USt": {},
                                "Erl\u00f6se EG-Lieferungen 19% USt": {},
                                "Erl\u00f6se EG-Lieferungen 7% USt": {},
                                "Erl\u00f6se Kleinunternehmer \u00a7 19 UStG": {},
                                "Erl\u00f6se aus Leistungen nach \u00a7 13b UStG": {},
                                "Erl\u00f6se gem\u00e4\u00df \u00a7 24 UStG": {},
                                "Erl\u00f6sschm\u00e4l.i.and. EG-Land stpfl. Lief.": {},
                                "Erl\u00f6sschm\u00e4lerung EG-Lieferung 16% USt": {},
                                "Erl\u00f6sschm\u00e4lerung EG-Lieferung 19% USt": {},
                                "Erl\u00f6sschm\u00e4lerung EG-Lieferung 7% USt": {},
                                "Erl\u00f6sschm\u00e4lerung EG-Lieferung steuerfrei": {},
                                "Erl\u00f6sschm\u00e4lerungen": {},
                                "Erl\u00f6sschm\u00e4lerungen 16% USt": {},
                                "Erl\u00f6sschm\u00e4lerungen 19% USt": {},
                                "Erl\u00f6sschm\u00e4lerungen 7% USt": {},
                                "Erl\u00f6sschm\u00e4lerungen steuerfrei \u00a74 Nr. 1a": {},
                                "Gew\u00e4hrte Boni": {},
                                "Gew\u00e4hrte Boni 16% USt": {},
                                "Gew\u00e4hrte Boni 19% USt": {},
                                "Gew\u00e4hrte Boni 7% USt": {},
                                "Gew\u00e4hrte Rabatte": {},
                                "Gew\u00e4hrte Rabatte 16% USt": {},
                                "Gew\u00e4hrte Rabatte 19% USt": {},
                                "Gew\u00e4hrte Rabatte 7% USt": {},
                                "Gew\u00e4hrte Skonti": {},
                                "Gew\u00e4hrte Skonti 16% USt": {},
                                "Gew\u00e4hrte Skonti 19% USt": {},
                                "Gew\u00e4hrte Skonti 7% USt": {},
                                "Gew\u00e4hrte Skonti EG-Lieferung 16% USt": {},
                                "Gew\u00e4hrte Skonti EG-Lieferung 19% USt": {},
                                "Gew\u00e4hrte Skonti EG-Lieferung 7% USt": {},
                                "Gew\u00e4hrte Skonti Leistungen \u00a713b UStG": {},
                                "Gew\u00e4hrte Skonti stfr. EG-Lieferung": {},
                                "Gew\u00e4hrte Skonti stpfl. EG-Lieferung": {},
                                "Im anderen EG-Land stpfl. Lieferungen": {},
                                "Innergemeinschaftl. Dreiecksgesch\u00e4ft": {},
                                "Nicht steuerbare Ums\u00e4tze": {},
                                "Nicht steuerbare Ums\u00e4tze Drittland": {},
                                "Nicht steuerbare Ums\u00e4tze EG-Land": {},
                                "Provisionsums\u00e4tze": {},
                                "Provisionsums\u00e4tze 16% USt": {},
                                "Provisionsums\u00e4tze 19% USt": {},
                                "Provisionsums\u00e4tze 7% USt": {},
                                "Provisionsums\u00e4tze, steuerfrei \u00a7 4 Nr.5": {},
                                "Provisionsums\u00e4tze, steuerfrei \u00a74 Nr.8ff": {},
                                "Sonstige steuerfr. Ums\u00e4tze Inland": {},
                                "Steuerfr. EG-Lief.v.Neufahrzg.ohne UStID": {},
                                "Steuerfreie EG-Lieferungen \u00a74, 1b UStG": {},
                                "Steuerfreie Ums\u00e4tze Offshore usw.": {},
                                "Steuerfreie Ums\u00e4tze ohne Vorsteuerabzug": {},
                                "Steuerfreie Ums\u00e4tze \u00a7 4 Nr. 1a UStG": {},
                                "Steuerfreie Ums\u00e4tze \u00a7 4 Nr. 2-7 UStG": {},
                                "Steuerfreie Ums\u00e4tze \u00a74 Nr. 8 ff UStG": {},
                                "Stfr. Ums\u00e4tze aus V. \u00a7 4 Nr. 12 UStG": {},
                                "Umsatzsteuer-Verg\u00fctungen": {},
                                "Unentgeltl. Zuwend. von Waren 19% USt": {},
                                "Unentgeltl. Zuwend. von Waren 7% USt": {},
                                "Unentgeltl. Zuwend. von Waren ohne USt": {},
                                "Unentgeltliche Wertabgaben": {}
                            }
                        },
                        "Mat./Wareneinkauf": {
                            "Bauleistungen \u00a7 13b 19% Vorst., 19% USt": {},
                            "Bauleistungen \u00a7 13b 7% Vorsteuer, 7% USt": {},
                            "Bauleistungen \u00a7 13b ohne Vorst., 19% USt": {},
                            "Bauleistungen \u00a7 13b ohne Vorst., 7% USt": {},
                            "Bestandsver\u00e4nd.RHB-Stoffe/bezogene Ware": {},
                            "Bezugsnebenkosten": {},
                            "EG-Erw. Nfz o.UStID 19% Vorsteuer/USt": {},
                            "EG-Erwerb 19% Vorsteuer und 19% USt": {},
                            "EG-Erwerb 7% Vorsteuer und 7% USt": {},
                            "EG-Erwerb ohne Vorsteuer und 19% USt": {},
                            "EG-Erwerb ohne Vorsteuer und 7% USt": {},
                            "Energiestoffe": {},
                            "Erh. Skonti Leistg. \u00a7 13b 16% Vorst/USt": {},
                            "Erh. Skonti Leistg. \u00a7 13b 19% Vorst/USt": {},
                            "Erh. Skonti Leistg. \u00a7 13b o.Vorst/16%USt": {},
                            "Erh. Skonti Leistg. \u00a7 13b o.Vorst/19%USt": {},
                            "Erh. Skonti Leistg. \u00a7 13b o.Vorst/m.USt": {},
                            "Erhalt. Skonti EG-Erwerb 16% Vorst/USt": {},
                            "Erhalt. Skonti EG-Erwerb 19% Vorst/USt": {},
                            "Erhalt. Skonti EG-Erwerb 7% Vorst/USt": {},
                            "Erhaltene Boni": {},
                            "Erhaltene Boni 16% Vorsteuer": {},
                            "Erhaltene Boni 19% Vorsteuer": {},
                            "Erhaltene Boni 7% Vorsteuer": {},
                            "Erhaltene Rabatte": {},
                            "Erhaltene Rabatte 16% Vorsteuer": {},
                            "Erhaltene Rabatte 19% Vorsteuer": {},
                            "Erhaltene Rabatte 7% Vorsteuer": {},
                            "Erhaltene Skonti": {},
                            "Erhaltene Skonti 16% Vorsteuer": {},
                            "Erhaltene Skonti 19% Vorsteuer": {},
                            "Erhaltene Skonti 7% Vorsteuer": {},
                            "Erhaltene Skonti EG-Erwerb": {},
                            "Erhaltene Skonti Leistungen \u00a713b UStG": {},
                            "Erwerb 1. Abnehmer im Dreiecksgesch\u00e4ft": {},
                            "Fremdleistungen": {},
                            "Leergut": {},
                            "Leistungen ausl. UN 19% Vorst., 19% USt": {},
                            "Leistungen ausl. UN 7% Vorsteuer, 7% USt": {},
                            "Leistungen ausl. UN ohne Vorst., 19% USt": {},
                            "Leistungen ausl. UN ohne Vorst., 7% USt": {},
                            "Nachl\u00e4sse": {},
                            "Nachl\u00e4sse 15% Vorsteuer": {},
                            "Nachl\u00e4sse 16% Vorsteuer": {},
                            "Nachl\u00e4sse 19% Vorsteuer": {},
                            "Nachl\u00e4sse 7% Vorsteuer": {},
                            "Nachl\u00e4sse EG-Erwerb 15% Vorsteuer/USt": {},
                            "Nachl\u00e4sse EG-Erwerb 16% Vorsteuer/USt": {},
                            "Nachl\u00e4sse EG-Erwerb 19% Vorsteuer/USt": {},
                            "Nachl\u00e4sse EG-Erwerb 7% Vorsteuer/USt": {},
                            "Nicht abziehbare Vorsteuer": {},
                            "Nicht abziehbare Vorsteuer 19%": {},
                            "Nicht abziehbare Vorsteuer 7%": {},
                            "Roh-, Hilfs- und Betriebsstoffe": {},
                            "Steuerfreie Einfuhren": {},
                            "Steuerfreier EG-Erwerb": {},
                            "Waren aus USt-Lager 19% Vorst., 19% USt": {},
                            "Waren aus USt-Lager 7% Vorsteuer, 7% USt": {},
                            "Wareneingang": {},
                            "Wareneingang 10,7% Vorsteuer": {},
                            "Wareneingang 19% Vorsteuer": {},
                            "Wareneingang 5,5% Vorsteuer": {},
                            "Wareneingang 7% Vorsteuer": {},
                            "Wareneingang, im Drittland steuerbar": {},
                            "Wareneingang, im anderen EG-Land stb.": {},
                            "Z\u00f6lle und Einfuhrabgaben": {}
                        }
                    },
                    "So. betr. Erl\u00f6se": {
                        "Erl\u00f6se 7% USt": {},
                        "Erl\u00f6se Abfallverwertung": {},
                        "Erl\u00f6se Geldspielautomaten 19% USt": {},
                        "Erl\u00f6se Leergut": {},
                        "Ertr\u00e4ge Bewertung Finanzmittelfonds": {},
                        "Ertr\u00e4ge aus Kursdifferenzen": {},
                        "Gegenkto Aufteilung Erl\u00f6se Steuersatz": {},
                        "Provision, sonst.Ertr\u00e4ge stfrei \u00a74 Nr.5": {},
                        "Provision, sonst.Ertr\u00e4ge stfrei \u00a74Nr8ff": {},
                        "Provision, sonstige Ertr\u00e4ge": {},
                        "Provision, sonstige Ertr\u00e4ge 19% USt": {},
                        "Provision, sonstige Ertr\u00e4ge 7% USt": {},
                        "Sachbez\u00fcge 19% USt": {},
                        "Sachbez\u00fcge 7% USt": {},
                        "Sonst. Erl\u00f6se betr. u. regelm\u00e4\u00dfig": {},
                        "Sonst. Erl\u00f6se betr. u. regelm\u00e4\u00dfig stfr.": {},
                        "Sonst. Erl\u00f6se betr. u. regelm\u00e4\u00dfig stfrei": {},
                        "Sonst. Erl\u00f6se betr. und regelm\u00e4\u00dfig 16%": {},
                        "Sonst. Erl\u00f6se betr. und regelm\u00e4\u00dfig 19%": {},
                        "Sonst. Erl\u00f6se betr. und regelm\u00e4\u00dfig 7%": {},
                        "Sonst. Ertr\u00e4ge betriebl. und regelm.": {},
                        "Unentgeltl. Erbringung Leist. 19% USt": {},
                        "Unentgeltl. Erbringung Leist. 7% USt": {},
                        "Unentgeltl. Erbringung Leist. ohne USt": {},
                        "Unentgeltl. Zuwend. Gegenst\u00e4nde 19% USt": {},
                        "Unentgeltl. Zuwend. Gegenst\u00e4nde ohne USt": {},
                        "Verrechn. sonstige Sachbez\u00fcge 19% USt": {},
                        "Verrechn. sonstige Sachbez\u00fcge ohne USt": {},
                        "Verrechnete sonstige Sachbez\u00fcge": {},
                        "Verwendung von Gegenst. (Kfz) 19% USt": {},
                        "Verwendung von Gegenst. (Tel) 19% USt": {},
                        "Verwendung von Gegenst.(Kfz) ohne USt": {},
                        "Verwendung von Gegenst.(Tel) ohne USt": {},
                        "Verwendung von Gegenst\u00e4nden 19% USt": {},
                        "Verwendung von Gegenst\u00e4nden 7% USt": {},
                        "Verwendung von Gegenst\u00e4nden ohne USt": {}
                    }
                },
                "Gesamtkosten": {
                    "Abschreibungen": {
                        "Abschr. Gesch\u00e4fts- oder Firmenwert": {},
                        "Abschr.Verl.Ant.Mituntern.sch.\u00a78 GewStG": {},
                        "Abschreib.Finanzanlagen/stl.So-Vorsch.": {},
                        "Abschreib.Sachanlagen/stl. So-Vorschr.": {},
                        "Abschreibung Arbeitszimmer": {},
                        "Abschreibung Ingangsetzung, Erweiterung": {},
                        "Abschreibung Sammelposten GWG": {},
                        "Abschreibung immaterielle VermG": {},
                        "Abschreibungen Finanzanl. z.T. n.abz.": {},
                        "Abschreibungen Wertpap. UV z.T. n.abz.": {},
                        "Abschreibungen Wertpapiere des UV": {},
                        "Abschreibungen auf Finanzanlagen": {},
                        "Abschreibungen auf Geb\u00e4ude": {},
                        "Abschreibungen auf Kfz": {},
                        "Abschreibungen auf Sachanlagen": {},
                        "Abschreibungen auf UV, steuerr. bedingt": {},
                        "Abschreibungen auf Umlaufverm\u00f6gen": {},
                        "Abschreibungen auf aktivierte GWG": {},
                        "Apl. Abschreibungen auf Sachanlagen": {},
                        "Apl. Abschreibungen auf aktivierte GWG": {},
                        "Apl. Abschreibungen immaterielle VermG": {},
                        "Au\u00dfergew\u00f6hnliche Abschreibung Geb\u00e4ude": {},
                        "Au\u00dfergew\u00f6hnliche Abschreibung auf Kfz": {},
                        "Au\u00dfergew\u00f6hnliche Abschreibung so. WG": {},
                        "Forder.verlust aus stfr. EG-Lieferungen": {},
                        "Forderungsverlust EG-Lieferung 16% USt": {},
                        "Forderungsverluste": {},
                        "Forderungsverluste 15% USt": {},
                        "Forderungsverluste 16% USt": {},
                        "Forderungsverluste 19% USt": {},
                        "Forderungsverluste 7% USt": {},
                        "Forderungsverluste EG-Lieferung 15% USt": {},
                        "Forderungsverluste EG-Lieferung 19% USt": {},
                        "Forderungsverluste EG-Lieferungen 7%": {},
                        "Kalkulatorische Abschreibungen": {},
                        "Kaufleasing": {},
                        "K\u00fcrzung AHK f\u00fcr Kfz \u00a7 7g Abs. 2 n.F.": {},
                        "K\u00fcrzung AHK \u00a7 7g Abs. 2 EStG n.F.": {},
                        "Sofortabschreibung GWG": {},
                        "Sonder-AfA Kfz \u00a7 7g/1,2 a.F., \u00a77g/5 n.F.": {},
                        "Sonder-AfA \u00a7 7g/1, 2 a.F., \u00a7 7g/5 n.F.": {},
                        "Vorwegn.k\u00fcnft.Wertschwankg. b.Wertp.UV": {},
                        "Vorwegnahme k\u00fcnftiger UV-Wertschwankg.": {}
                    },
                    "Besondere Kosten": {},
                    "Betriebl. Steuern": {
                        "Aufl\u00f6sung R\u00fcckstellung s. Steuern": {},
                        "Erstattung VJ f\u00fcr sonstige Steuern": {},
                        "Grundsteuer": {},
                        "Kfz-Steuern": {},
                        "Sonstige Betriebssteuern": {},
                        "Steuernachzahlg. VJ sonstige Steuern": {},
                        "Verbrauchsteuer": {},
                        "\u00d6kosteuer": {}
                    },
                    "Kfz-Kosten (o. St.)": {
                        "Fahrzeugkosten": {},
                        "Fremdfahrzeugkosten": {},
                        "Garagenmieten": {},
                        "Kfz-Kosten betriebl.Nutzung Kfz im PV": {},
                        "Kfz-Reparaturen": {},
                        "Kfz-Versicherungen": {},
                        "Laufende Kfz-Betriebskosten": {},
                        "Mautgeb\u00fchren": {},
                        "Mietleasing Kfz": {},
                        "Sonstige Kfz-Kosten": {}
                    },
                    "Kosten Warenabgabe": {
                        "Aufwand f\u00fcr Gew\u00e4hrleistungen": {},
                        "Ausgangsfrachten": {},
                        "Fremdarbeiten (Vertrieb)": {},
                        "Kosten Warenabgabe": {},
                        "Transportversicherungen": {},
                        "Verkaufsprovisionen": {},
                        "Verpackungsmaterial": {}
                    },
                    "Personalkosten": {
                        "Aufw. Altersversorg. Mituntern. \u00a715 EStG": {},
                        "Aufwendungen f\u00fcr Altersversorgung": {},
                        "Aufwendungen f\u00fcr Unterst\u00fctzung": {},
                        "Aushilfsl\u00f6hne": {},
                        "Bedienungsgelder": {},
                        "Beitr\u00e4ge zur Berufsgenossenschaft": {},
                        "Ehegattengehalt": {},
                        "Fahrtkostenerstatt. Whg./Arbeitsst\u00e4tte": {},
                        "Freiwillige soziale Aufwendung. LSt-frei": {},
                        "Freiwillige soziale Aufwendung. LSt-pfl.": {},
                        "Geh\u00e4lter": {},
                        "Ges. soz. Aufwendg. Mituntern. \u00a715 EStG": {},
                        "Gesch\u00e4ftsf\u00fchrergeh\u00e4lter": {},
                        "Gesch\u00e4ftsf\u00fchrergeh\u00e4lter GmbH-Gesells.": {},
                        "Gesetzliche Sozialaufwendungen": {},
                        "Kalkulatorischer Lohn, unentgeltl. AN": {},
                        "Kalkulatorischer Unternehmerlohn": {},
                        "Krankengeldzusch\u00fcsse": {},
                        "L\u00f6hne": {},
                        "L\u00f6hne und Geh\u00e4lter": {},
                        "Pausch. Abgaben f\u00fcr Zuwendungen an AN": {},
                        "Pauschale Steuer f\u00fcr Aushilfen": {},
                        "Pauschale Steuer f\u00fcr Versicherungen": {},
                        "Pauschale Steuer f\u00fcr Zusch\u00fcsse": {},
                        "Sachzuwendungen und Dienstleistg. an AN": {},
                        "Tantiemen": {},
                        "Verg\u00fctg. angestellte Mituntern. \u00a715 EStG": {},
                        "Verm\u00f6genswirksame Leistungen": {},
                        "Versorgungskassen": {},
                        "Zusch\u00fcsse Agenturen f\u00fcr Arbeit": {}
                    },
                    "Raumkosten": {
                        "Abgaben betrieblich genutzt. Grundbesitz": {},
                        "Aufwendung. Arbeitszimmer n.abz. Anteil": {},
                        "Aufwendung. Arbeitszimmer, abz. Anteil": {},
                        "Gas, Strom, Wasser": {},
                        "Grundst\u00fccksaufwendungen, betrieblich": {},
                        "Heizung": {},
                        "Instandhaltung betrieblicher R\u00e4ume": {},
                        "Kalkulatorische Miete und Pacht": {},
                        "Leasing, unbewegliche Wirtschaftsg\u00fcter": {},
                        "Miet- und Pachtnebenkosten": {},
                        "Miete, unbewegliche Wirtschaftsg\u00fcter": {},
                        "Pacht, unbewegliche Wirtschaftsg\u00fcter": {},
                        "Raumkosten": {},
                        "Reinigung": {},
                        "Sonstige Raumkosten": {},
                        "Verg\u00fctung Mituntern. Miete WG \u00a7 15 EStG": {},
                        "Verg\u00fctung Mituntern. Pacht WG \u00a7 15 EStG": {}
                    },
                    "Reparatur/Instandh.": {
                        "Reparatur/Instandh. Anlagen u. Maschinen": {},
                        "Reparatur/Instandh. Betriebs- u. Gesch.": {},
                        "Sonst. Reparaturen und Instandhaltungen": {},
                        "Wartungskosten f\u00fcr Hard- und Software": {}
                    },
                    "Sonstige Kosten": {
                        "Abschluss- und Pr\u00fcfungskosten": {},
                        "Aufw. Ver\u00e4u\u00df. Ant. KapG z.T. nicht abz.": {},
                        "Aufwand Abraum-/Abfallbeseitigung": {},
                        "Aufwendg. Anteile KapGes z.T. n. abz.": {},
                        "Aufwendg. Bewertung Finanzmittelfonds": {},
                        "Aufwendungen aus Kursdifferenzen": {},
                        "Aufwendungen f\u00fcr Lizenzen, Konzessionen": {},
                        "Ausgleichsabgabe SchwerbehindertenG": {},
                        "Betriebsbedarf": {},
                        "Buchf\u00fchrungskosten": {},
                        "B\u00fcrobedarf": {},
                        "Fortbildungskosten": {},
                        "Freiwillige Sozialleistungen": {},
                        "Fremdleistungen und Fremdarbeiten": {},
                        "Gegenkonto zu 4996 bis 4998": {},
                        "Haftungsverg\u00fctung an Mitunternehmer": {},
                        "Herstellungskosten": {},
                        "Kalkulatorische Wagnisse": {},
                        "Kalkulatorische Zinsen": {},
                        "Mieten f\u00fcr Einrichtungen bewegliche WG": {},
                        "Mietleasing bewegliche Wirtschaftsg\u00fcter": {},
                        "Nebenkosten des Geldverkehrs": {},
                        "Nicht abziehbare Vorsteuer": {},
                        "Nicht abziehbare Vorsteuer 19%": {},
                        "Nicht abziehbare Vorsteuer 7%": {},
                        "Pacht (bewegliche Wirtschaftsg\u00fcter)": {},
                        "Porto": {},
                        "Rechts- und Beratungskosten": {},
                        "Sonstige betriebl.u.regelm.Aufwendungen": {},
                        "Sonstige betriebliche Aufwendungen": {},
                        "Telefax und Internetkosten": {},
                        "Telefon": {},
                        "Verg\u00fctungen an Mitunternehmer \u00a715 EStG": {},
                        "Vertriebskosten": {},
                        "Verwaltungskosten": {},
                        "Werkzeuge und Kleinger\u00e4te": {},
                        "Zeitschriften, B\u00fccher": {}
                    },
                    "Versich./Beitr\u00e4ge": {
                        "Abzugsf.Versp\u00e4tungszuschlag/Zwangsgeld": {},
                        "Beitr\u00e4ge": {},
                        "Nicht abzf.Versp\u00e4t.zuschlag/Zwangsgeld": {},
                        "Pr\u00e4mie R\u00fcckdeckung f. Versorgungsleistg": {},
                        "Sonstige Abgaben": {},
                        "Versicherung f\u00fcr Geb\u00e4ude": {},
                        "Versicherungen": {}
                    },
                    "Werbe-/Reisekosten": {
                        "Aufmerksamkeiten": {},
                        "Bewirtungskosten": {},
                        "Eingeschr. abziehb.BA, abz. Anteil": {},
                        "Eingeschr. abziehb.BA, n. abz. Anteil": {},
                        "Fahrten Wohnung/Betrieb, abz. Anteil": {},
                        "Fahrten Wohnung/Betrieb, n.abz. Anteil": {},
                        "Fahrten Wohnung/Betriebsst\u00e4tte (Haben)": {},
                        "Geschenke abzugsf\u00e4hig": {},
                        "Geschenke ausschl.betrieblich genutzt": {},
                        "Geschenke nicht abzugsf\u00e4hig": {},
                        "Kilometergelderstattung Arbeitnehmer": {},
                        "Nicht abzugsf\u00e4hige Betriebsausgaben": {},
                        "Nicht abzugsf\u00e4hige Bewirtungskosten": {},
                        "Pausch. Abgaben f\u00fcr Zuwendungen abzugsf.": {},
                        "Pausch. Abgaben f\u00fcr Zuwendungen n. abz.": {},
                        "Reisekosten AN Verpfleg.mehraufwand": {},
                        "Reisekosten AN \u00dcbernachtungsaufwand": {},
                        "Reisekosten Arbeitnehmer": {},
                        "Reisekosten Arbeitnehmer, Fahrtkosten": {},
                        "Reisekosten Arbeitnehmer, n.abz.Anteil": {},
                        "Reisekosten UN Verpfleg.mehraufwand": {},
                        "Reisekosten UN \u00dcbernachtungsaufwand": {},
                        "Reisekosten Unternehmer": {},
                        "Reisekosten Unternehmer, Fahrtkosten": {},
                        "Reisekosten Unternehmer, n.abz.Anteil": {},
                        "Repr\u00e4sentationskosten": {},
                        "Werbekosten": {},
                        "Zuwendungen an Dritte abzugsf\u00e4hig": {},
                        "Zuwendungen an Dritte nicht abzugsf": {}
                    }
                }
            },
            "Kontenkl. unbesetzt": {},
            "Neutraler Aufwand": {
                "Sonst. neutr. Aufw": {
                    "Abgang Finanzanlagen z.T. n.abz., RBW (Verlust)": {},
                    "Abgang WG des UV \u00a7 4 Abs. 3 EStG": {},
                    "Abgang WG des UV \u00a7 4/3 z.T. nicht abz": {},
                    "Abgef. Gewinne / Gewinn-/Teilgewinnabf.": {},
                    "Abgef. Gewinne / Gewinngemeinschaft": {},
                    "Abgef. Gewinne stille Gesellschafter \u00a78": {},
                    "Abg\u00e4nge Finanzanlagen Restbuchwert (Verlust)": {},
                    "Abg\u00e4nge Sachanlagen Restbuchwert": {},
                    "Abg\u00e4nge immat. Verm\u00f6gensgegenst. RBW (Verlust)": {},
                    "Abziehbare Aufsichtsratsverg\u00fctung": {},
                    "Ao. Aufwendungen finanzwirksam": {},
                    "Ao. Aufwendungen nicht finanzwirksam": {},
                    "Aufwend. Zuschreibung R\u00fcckstellungen": {},
                    "Aufwend. Zuschreibung Verbindlichk.": {},
                    "Aufwendungen aus Verlust\u00fcbernahme": {},
                    "Au\u00dferordentliche Aufwendungen": {},
                    "Betriebsfremde Aufwendungen": {},
                    "Einstellung in die EWB zu Forderungen": {},
                    "Einstellung in die PWB zu Forderungen": {},
                    "Einstellungen SoPo mit R\u00fccklage-Anteil": {},
                    "Einstellungen SoPo \u00a7 7g Abs.2 EStG n.F.": {},
                    "Grundst\u00fccksaufwendungen, neutral": {},
                    "Nicht abziehbare AR-Verg\u00fctungen": {},
                    "Nicht abziehbare Vorsteuer": {},
                    "Nicht abziehbare Vorsteuer 19%": {},
                    "Nicht abziehbare Vorsteuer 7%": {},
                    "Periodenfremde Aufwendungen": {},
                    "Sonst.Aufwendungen, betriebsfr.u.regelm.": {},
                    "Sonstige Aufwendungen": {},
                    "Sonstige Aufwendungen unregelm\u00e4\u00dfig": {},
                    "Verlust Ver\u00e4u\u00df.Ant. KapGes z.T. n. abz.": {},
                    "Verluste aus Abgang UV z.T. n. abziehbar": {},
                    "Verluste aus Abgang von Umlaufverm\u00f6gen": {},
                    "Verluste aus Anlagenabgang": {},
                    "Zuwendg. an Stiftg. gem. \u00a7 52/2/1-3 AO": {},
                    "Zuwendg. an Stiftg. gem. \u00a7 52/2/4 AO": {},
                    "Zuwendg. an Stiftg. kirchl./rel./gemein.": {},
                    "Zuwendg. an Stiftg. wiss./mildt./kultur.": {},
                    "Zuwendg.Spenden wissensch./kult. Zweck": {},
                    "Zuwendungen,Spenden an politische Partei": {},
                    "Zuwendungen,Spenden kirchl./rel./gemein.": {},
                    "Zuwendungen,Spenden mildt\u00e4tige Zwecke": {},
                    "Zuwendungen,Spenden steuerl. n. abziehb.": {}
                },
                "Zinsaufwand": {
                    "Abzinsung KSt-Erh\u00f6hungsbetrag \u00a7 38": {},
                    "Abzugsf\u00e4h. and. Nebenleist. zu Steuern": {},
                    "Diskontaufwendungen": {},
                    "Diskontaufwendungen an verbundene UN": {},
                    "Nicht abzugsf. Schuldzinsen \u00a7 4/4a": {},
                    "Nicht abzugsf\u00e4h.and.Nebenleist.z.Steuern": {},
                    "Renten und dauernde Lasten": {},
                    "Zinsaufw. f\u00fcr lfr. Verbindlichk.verb.UN": {},
                    "Zinsaufw. \u00a7 233a AO betriebliche Steuern": {},
                    "Zinsaufw. \u00a7 233a AO,\u00a7 4 Abs. 5b EStG": {},
                    "Zinsaufwend. f.kfr. Verb.an verbund. UN": {},
                    "Zinsaufwendungen an verb.Unternehmen": {},
                    "Zinsaufwendungen f.kfr.Verbindlichkeit.": {},
                    "Zinsaufwendungen f.lfr.Verbindlichkeit.": {},
                    "Zinsaufwendungen \u00a7\u00a7 233a bis 237 AO": {},
                    "Zinsen an Mitunternehmer \u00a7 15 EStG": {},
                    "Zinsen auf Kontokorrentkonten": {},
                    "Zinsen f\u00fcr Geb\u00e4ude im Betriebsverm\u00f6gen": {},
                    "Zinsen und \u00e4hnliche Aufw. z.T. nicht abz.": {},
                    "Zinsen und \u00e4hnliche Aufwendungen": {},
                    "Zinsen zur Finanzierung Anlageverm\u00f6gen": {},
                    "Zinsen, Aufwendg. verb. UN z.T. n.abz.": {},
                    "Zins\u00e4hnliche Aufwendungen": {},
                    "Zins\u00e4hnliche Aufwendungen an verb.UN": {}
                }
            },
            "Neutraler Ertrag": {
                "Sonst. neutr. Ertr": {
                    "Abgang Finanzanlagen z.T. stfrei, RBW": {},
                    "Abg\u00e4nge Finanzanlagen Restbuchwert (Gewinn)": {},
                    "Abg\u00e4nge Sachanlagen Restbuchwert": {},
                    "Abg\u00e4nge immat. Verm\u00f6gensgegenst. RBW (Gewinn)": {},
                    "Ao. Ertr\u00e4ge finanzwirksam": {},
                    "Ao. Ertr\u00e4ge nicht finanzwirksam": {},
                    "Aufw./Ertr\u00e4ge aus Umrechnungsdifferenz": {},
                    "Au\u00dferordentliche Ertr\u00e4ge": {},
                    "Betriebsfremde Ertr\u00e4ge": {},
                    "Erl\u00f6se Sachanlageverk\u00e4ufe": {},
                    "Erl\u00f6se Sachanlageverk\u00e4ufe 19% USt": {},
                    "Erl\u00f6se Sachanlageverk\u00e4ufe \u00a7 4 Nr. 1a": {},
                    "Erl\u00f6se Sachanlageverk\u00e4ufe \u00a7 4 Nr. 1b": {},
                    "Erl\u00f6se Verkauf Finanzanl. z.T. n.abz.": {},
                    "Erl\u00f6se Verkauf Finanzanl. z.T. stfrei": {},
                    "Erl\u00f6se Verkauf WG des UV \u00a7 4/3 EStG": {},
                    "Erl\u00f6se Verkauf WG des UV \u00a74/3, 19% USt": {},
                    "Erl\u00f6se Verkauf WG des UV \u00a74/3, stfrei": {},
                    "Erl\u00f6se Verk\u00e4ufe immat.Verm\u00f6gensgegenst": {},
                    "Erl\u00f6se a. Verk\u00e4ufen Finanzanlagen": {},
                    "Ertr. Aufl. SoPo m. R\u00fcckl.ant.\u00a752/16EStG": {},
                    "Ertr\u00e4ge Aufl. SoPo Existenzgr\u00fcnderr\u00fcckl": {},
                    "Ertr\u00e4ge Aufl. SoPo \u00a7 7g/3 a.F, 7g/2 n.F": {},
                    "Ertr\u00e4ge Aufl\u00f6sung SoPo m. R\u00fccklageant.": {},
                    "Ertr\u00e4ge Aufl\u00f6sung von R\u00fcckstellungen": {},
                    "Ertr\u00e4ge Bewertung Verbindlichkeiten": {},
                    "Ertr\u00e4ge Ver\u00e4u\u00df.Ant. KapGes z.T. stfrei": {},
                    "Ertr\u00e4ge Zuschreibg. FAV z.T. steuerfrei": {},
                    "Ertr\u00e4ge Zuschreibg. Finanzanlageverm\u00f6gen": {},
                    "Ertr\u00e4ge Zuschreibg. Sachanlageverm\u00f6gen": {},
                    "Ertr\u00e4ge Zuschreibg. UV z.T. steuerfrei": {},
                    "Ertr\u00e4ge Zuschreibg. anderes AV z.T. stfr": {},
                    "Ertr\u00e4ge Zuschreibg. immat. Anlageverm\u00f6g.": {},
                    "Ertr\u00e4ge Zuschreibung Umlaufverm\u00f6gen": {},
                    "Ertr\u00e4ge aus Abgang UV z.T. steuerfrei": {},
                    "Ertr\u00e4ge aus Abgang von AV-Gegenst\u00e4nden": {},
                    "Ertr\u00e4ge aus Abgang von UV-Gegenst\u00e4nden": {},
                    "Ertr\u00e4ge aus Herabsetzung EWB zu Ford.": {},
                    "Ertr\u00e4ge aus Herabsetzung PWB zu Ford.": {},
                    "Ertr\u00e4ge aus Verlust\u00fcbernahme": {},
                    "Ertr\u00e4ge aus abgeschriebenen Forderg.": {},
                    "Ertr\u00e4ge steuerl. Bewertung R\u00fcckstellung": {},
                    "Gewinne auf Grund Gewinn/Teilgewinnabf": {},
                    "Gewinne auf Grund Gewinngemeinschaft": {},
                    "Grundst\u00fccksertr\u00e4ge": {},
                    "Investitionszulage": {},
                    "Investitionszusch\u00fcsse": {},
                    "Periodenfremde Ertr\u00e4ge": {},
                    "Sonstige Ertr\u00e4ge": {},
                    "Sonstige Ertr\u00e4ge unregelm\u00e4\u00dfig": {},
                    "Sonstige betriebl. regelm. Ertr\u00e4ge": {},
                    "Sonstige betriebsfr.regelm. Ertr\u00e4ge": {},
                    "Sonstige steuerfr. Betriebseinnahmen": {},
                    "Steuerfreie Ertr\u00e4ge aus Aufl\u00f6sung SoPo": {},
                    "Verkauf WG UV \u00a7 4/3 ustfrei, z.T. stfrei": {},
                    "Versicherungsentsch\u00e4digungen": {}
                },
                "Verr. kalk. Kosten": {
                    "Verrechnete kalkul. Abschreibungen": {},
                    "Verrechnete kalkul. Miete und Pacht": {},
                    "Verrechnete kalkulatorische Wagnisse": {},
                    "Verrechnete kalkulatorische Zinsen": {},
                    "Verrechneter kalk. Lohn, unentgeltl. AN": {},
                    "Verrechneter kalkul.Unternehmerlohn": {}
                },
                "Zinsertr\u00e4ge": {
                    "Diskontertr\u00e4ge": {},
                    "Diskontertr\u00e4ge verbundene Unternehmen": {},
                    "Erl.Zinsen /Diskontspesen aus verb.UN": {},
                    "Erl\u00f6se Zinsen und Diskontspesen": {},
                    "Ertr\u00e4ge Wertpapiere/Ausleihungen FAV": {},
                    "Ertr\u00e4ge Wertpapiere/Ausleihungen UV": {},
                    "Ertr\u00e4ge Wertpapiere/FAV-Ausl.verb.UN": {},
                    "Ertr\u00e4ge a.Beteilig. FAV z.T. steuerfrei": {},
                    "Ertr\u00e4ge a.Beteilig. UV z.T. steuerfrei": {},
                    "Ertr\u00e4ge a.Beteilig. an verbundenen UN": {},
                    "Ertr\u00e4ge a.Beteilig. verb. UN z.T. stfrei": {},
                    "Ertr\u00e4ge a.Beteilig. verb.UN z.T. stfrei": {},
                    "Ertr\u00e4ge aus Beteiligungen": {},
                    "Ertr\u00e4ge aus Beteiligungen z.T. steuerfr": {},
                    "Gewinnant. aus Mituntern.sch.\u00a79 GewStG": {},
                    "Sonst. Zinsen u.\u00e4. Ertr\u00e4ge aus verb.UN": {},
                    "Sonst.GewStfreie Gewinne Anteile KapGes": {},
                    "Sonstige Zinsen und \u00e4hnliche Ertr\u00e4ge": {},
                    "Stfr. Aufzinsung K\u00f6rperschaftsteuerguth.": {},
                    "Zinsertr\u00e4ge R\u00fcckzahlung KSt-Erh\u00f6hg. \u00a738": {},
                    "Zinsertr\u00e4ge \u00a7 233a AO": {},
                    "Zinsertr\u00e4ge \u00a7 233a AO, Anlage A KSt": {},
                    "Zinsertr\u00e4ge \u00a7 233a AO, \u00a7 4 Abs. 5b EStG": {},
                    "Zins\u00e4hnliche Ertr\u00e4ge": {},
                    "Zins\u00e4hnliche Ertr\u00e4ge verbundene UN": {}
                }
            }
        },
        "Steuern Eink.u.Ertr": {
            "Anzurechn. ausl\u00e4ndische Quellensteuer": {},
            "Aufl\u00f6sung GewSt-R\u00fcckstellg. \u00a7 4/5b": {},
            "Aufl\u00f6sung Gewerbesteuerr\u00fcckstellung": {},
            "Aufw. Zuf\u00fchrg/Aufl\u00f6sung latente Steuern": {},
            "Ertr\u00e4ge Zuf\u00fchrg/Aufl\u00f6sg latente Steuern": {},
            "GewSt-Erstattung Vorjahre": {},
            "GewSt-Nachzahlung Vorjahre": {},
            "GewSt-Nachzahlung/-Erstattung VJ \u00a74/5b": {},
            "Gewerbesteuer": {},
            "Kapitalertragsteuer 20%": {},
            "Kapitalertragsteuer 25%": {},
            "K\u00f6rperschaftsteuer": {},
            "K\u00f6rperschaftsteuer f\u00fcr Vorjahre": {},
            "K\u00f6rperschaftsteuer-Erh\u00f6hung \u00a7 38 Abs. 5": {},
            "K\u00f6rperschaftsteuererstattung VJ \u00a7 37": {},
            "K\u00f6rperschaftsteuererstattung Vorjahre": {},
            "Sol. auf Kapitalertragsteuer 20%": {},
            "Sol.z. auf Kapitalertragsteuer 25%": {},
            "Solidarit\u00e4tszuschl. auf Zinsabschlagst.": {},
            "Solidarit\u00e4tszuschl.-Erstattung Vorjahre": {},
            "Solidarit\u00e4tszuschlag": {},
            "Solidarit\u00e4tszuschlag f\u00fcr Vorjahre": {},
            "Zinsabschlagsteuer": {}
        },
        "Vortrags- Kapital- und Statistische Konten": {
            "Aufgliederung der R\u00fcckstellungen": {
                "Gegenkonto zu Konto 9260 - 9268": {},
                "Kurzfristige R\u00fcckstellungen": {},
                "Langfristige R\u00fcckstellungen- au\u00dfer Pensionen": {},
                "Mittelfristige R\u00fcckstellungen": {}
            },
            "Ausgleichsposten f\u00fcr aktivierte eigene Anteile und Bilanzierungshilfen": {
                "Ausgleichsposten f\u00fcr aktivierte Bilanzierungshilfen": {},
                "Ausgleichsposten f\u00fcr aktivierte eigene Anteile ": {}
            },
            "Eigenkapitalersetzende Gesellschafterdarlehen ": {
                "Eigenkapitalersetzende Gesellschafterdarlehen ": {},
                "Gegenkonto zu 9250 und 9255": {},
                "Ungesicherte Gesellschafterdarlehen mit Restlaufzeit gr\u00f6\u00dfer 5 Jahre": {}
            },
            "Einzahlungsverpflichtungen im Bereich der Forderungen": {
                "Einzahlungsverpflichtungen Kommanditisten": {},
                "Einzahlungsverpflichtungen pers\u00f6nlich haftender Gesellschafter": {}
            },
            "Kapital Personenhandelsgesellschaft Teilhafter": {
                "Gesellschafter-Darlehen": {},
                "Verrechnungskonto f\u00fcr Einzahlungsverpflichtungen": {}
            },
            "Kapital Personenhandelsgesellschaft Vollhafter": {
                "Gesellschafter-Darlehen": {},
                "Verlust-/ Vortragskonto": {},
                "Verrechnungskonto f\u00fcr Einzahlungsverpflichtungen": {}
            },
            "Nicht durch Verm\u00f6genseinlagen gedeckte Entnahmen": {
                "Nicht durch Verm\u00f6genseinlagen gedeckte Entnahmen Kommanditisten": {},
                "Nicht durch Verm\u00f6genseinlagen gedeckte Entnahmen pers\u00f6nlich haftender Gesellschafter": {}
            },
            "Passive Rechnungsabgrenzung": {
                "Baukostenzusch\u00fcsse": {},
                "Forderungen aus Sachanlagenverk\u00e4ufen bei sonstigen Verm\u00f6gensgegenst\u00e4nden": {},
                "Forderungen aus Verk\u00e4ufen immaterielle Verm\u00f6gensgegenst\u00e4nde bei sonstigen Verm\u00f6gensgegenst\u00e4nden": {},
                "Forderungen aus Verk\u00e4ufen von Finanzanlagen bei sonstigen Verm\u00f6gensgegenst\u00e4nden": {},
                "Gegenkonto zu Konten 9230- 9238": {},
                "Gegenkonto zu Konto 9240-43": {},
                "Gegenkonto zu Konto 9245-47": {},
                "Investitionsverbindlichkeiten aus K\u00e4ufen von Finanzanlagen bei Leistungsverbindlichkeiten": {},
                "Investitionsverbindlichkeiten aus K\u00e4ufen von immateriellen Verm\u00f6gensgegenst\u00e4nden bei Leistungsverbindlichkeiten": {},
                "Investitionsverbindlichkeiten aus Sachanlagenk\u00e4ufen bei Leistungsverbindlichkeiten": {},
                "Investitionsverbindlichkeiten bei den Leistungsverbindlichkeiten": {},
                "Investitionszulagen ": {},
                "Investitionszusch\u00fcsse ": {}
            },
            "Privat Teilhafter (f\u00fcr Verrechnung Gesellschafterdarlehen mit Eigenkapitalcharakter- Konto 9840-9849)": {
                "Au\u00dfergew\u00f6hnliche Belastungen": {},
                "Grundst\u00fccksaufwand": {},
                "Grundst\u00fccksertrag": {},
                "Privateinlagen": {},
                "Privatentnahmen allgemein": {},
                "Privatsteuern": {},
                "Sonderausgaben beschr\u00e4nkt abzugsf\u00e4hig": {},
                "Sonderausgaben unbeschr\u00e4nkt abzugsf\u00e4hig": {},
                "Unentgeltliche Wertabgaben": {},
                "Zuwendungen- Spenden": {}
            },
            "Statistische Konten f\u00fcr 4 Abs. 3 EStG": {
                "Einlagen stiller Gesellschafter": {
                    "Einlagen stiller Gesellschafter": {}
                },
                "Gegenkonto zu 9287 und 9288": {},
                "Gegenkonto zu 9290": {},
                "Gegenkonto zu 9292": {},
                "Mahngeb\u00fchren bei Buchungen \u00fcber Debitoren bei \u00a7 4 Abs. 3 EStG": {},
                "Statistisches Konto Fremdgeld": {},
                "Statistisches Konto steuerfreie Auslagen": {},
                "Steuerrechtlicher Ausgleichsposten": {
                    "Steuerrechtlicher Ausgleichsposten": {}
                },
                "Zinsen bei Buchungen \u00fcber Debitoren bei \u00a7 4 Abs. 3 EStG": {}
            },
            "Statistische Konten f\u00fcr Betriebswirtschaftliche Auswertungen (BWA)": {
                "Anzahl Kreditkunden aufgelaufen": {},
                "Anzahl Kreditkunden monatlich": {},
                "Anzahl Rechnungen": {},
                "Anzahl der Barkunden": {},
                "Auftragsbestand": {},
                "Auftragseingang im Gesch\u00e4ftsjahr": {},
                "Besch\u00e4ftigte Personen": {},
                "Erweiterungsinvestitionen": {},
                "Gegenkonto f\u00fcr statistische Mengeneinheiten Konten 9101-9107 und Konten 9116-9118": {},
                "Gegenkonto zu Konten 9120- 9135-9140": {},
                "Gesch\u00e4ftsraum m2": {},
                "Unbezahlte Personen": {},
                "Verkaufskr\u00e4fte": {},
                "Verkaufsraum m2": {},
                "Verkaufstage": {}
            },
            "Statistische Konten f\u00fcr Gewinnzuschlag": {
                "Statistische Konten f\u00fcr den Gewinnzuschlag nach \u00a7\u00a7 6b- 6c und 7g EStG (Haben-Buchung)": {},
                "Statistische Konten f\u00fcr den Gewinnzuschlag- Gegenkonto zu 9890": {}
            },
            "Statistische Konten f\u00fcr den GuV-Ausweis in \"Gutschrift bzw. Belastung auf Verbindlichkeitskonten\" bei den Zuordnungstabellen f\u00fcr PersHG nach KapCoRiLiG": {
                "Anteil f\u00fcr Verbindlichkeitskonten": {},
                "Verrechnungskonto f\u00fcr Anteil Verbindlichkeitskonten": {}
            },
            "Statistische Konten f\u00fcr den Kennziffernteil der Bilanz": {
                "Besch\u00e4ftigte Personen": {},
                "Gegenkonto zu 9200": {},
                "Gegenkonto zu 9210": {},
                "Produktive L\u00f6hne": {}
            },
            "Statistische Konten f\u00fcr die Kapitalkontenentwicklung": {
                "Anteil f\u00fcr Konto 9840-49 Teilhafter": {},
                "Anteil f\u00fcr Konto Teilhafter 0080 ": {},
                "Anteil f\u00fcr Konto Teilhafter 0081": {},
                "Anteil f\u00fcr Konto Teilhafter 0082": {},
                "Anteil f\u00fcr Konto Teilhafter 0083": {},
                "Anteil f\u00fcr Konto Teilhafter 0084": {},
                "Anteil f\u00fcr Konto Teilhafter 0085": {},
                "Anteil f\u00fcr Konto Teilhafter 0086": {},
                "Anteil f\u00fcr Konto Teilhafter 0087": {},
                "Anteil f\u00fcr Konto Teilhafter 0088": {},
                "Anteil f\u00fcr Konto Teilhafter 0089": {},
                "Anteil f\u00fcr Konto Teilhafter 2050": {},
                "Anteil f\u00fcr Konto Teilhafter 2051": {},
                "Anteil f\u00fcr Konto Teilhafter 2052": {},
                "Anteil f\u00fcr Konto Teilhafter 2053": {},
                "Anteil f\u00fcr Konto Teilhafter 2054": {},
                "Anteil f\u00fcr Konto Teilhafter 2055": {},
                "Anteil f\u00fcr Konto Teilhafter 2056": {},
                "Anteil f\u00fcr Konto Teilhafter 2057": {},
                "Anteil f\u00fcr Konto Teilhafter 2058": {},
                "Anteil f\u00fcr Konto Teilhafter 2059": {},
                "Anteil f\u00fcr Konto Teilhafter 2060": {},
                "Anteil f\u00fcr Konto Teilhafter 2061": {},
                "Anteil f\u00fcr Konto Teilhafter 2062": {},
                "Anteil f\u00fcr Konto Teilhafter 2063": {},
                "Anteil f\u00fcr Konto Teilhafter 2064": {},
                "Anteil f\u00fcr Konto Teilhafter 2065": {},
                "Anteil f\u00fcr Konto Teilhafter 2066": {},
                "Anteil f\u00fcr Konto Teilhafter 2067": {},
                "Anteil f\u00fcr Konto Teilhafter 2068": {},
                "Anteil f\u00fcr Konto Teilhafter 2069": {},
                "Anteil f\u00fcr Konto Teilhafter 2070 ": {},
                "Anteil f\u00fcr Konto Teilhafter 2071": {},
                "Anteil f\u00fcr Konto Teilhafter 2072": {},
                "Anteil f\u00fcr Konto Teilhafter 2073": {},
                "Anteil f\u00fcr Konto Teilhafter 2074": {},
                "Anteil f\u00fcr Konto Teilhafter 2075": {},
                "Anteil f\u00fcr Konto Teilhafter 2076": {},
                "Anteil f\u00fcr Konto Teilhafter 2077": {},
                "Anteil f\u00fcr Konto Teilhafter 2078": {},
                "Anteil f\u00fcr Konto Teilhafter 2079": {},
                "Anteil f\u00fcr Konto Vollhafter 0060": {},
                "Anteil f\u00fcr Konto Vollhafter 0061": {},
                "Anteil f\u00fcr Konto Vollhafter 0062": {},
                "Anteil f\u00fcr Konto Vollhafter 0063": {},
                "Anteil f\u00fcr Konto Vollhafter 0064": {},
                "Anteil f\u00fcr Konto Vollhafter 0065": {},
                "Anteil f\u00fcr Konto Vollhafter 0066": {},
                "Anteil f\u00fcr Konto Vollhafter 0067": {},
                "Anteil f\u00fcr Konto Vollhafter 0068": {},
                "Anteil f\u00fcr Konto Vollhafter 0069": {},
                "Anteil f\u00fcr Konto Vollhafter 2000": {},
                "Anteil f\u00fcr Konto Vollhafter 2001": {},
                "Anteil f\u00fcr Konto Vollhafter 2002": {},
                "Anteil f\u00fcr Konto Vollhafter 2003": {},
                "Anteil f\u00fcr Konto Vollhafter 2004": {},
                "Anteil f\u00fcr Konto Vollhafter 2005": {},
                "Anteil f\u00fcr Konto Vollhafter 2006": {},
                "Anteil f\u00fcr Konto Vollhafter 2007": {},
                "Anteil f\u00fcr Konto Vollhafter 2008": {},
                "Anteil f\u00fcr Konto Vollhafter 2009": {},
                "Anteil f\u00fcr Konto Vollhafter 2010": {},
                "Anteil f\u00fcr Konto Vollhafter 2011": {},
                "Anteil f\u00fcr Konto Vollhafter 2012": {},
                "Anteil f\u00fcr Konto Vollhafter 2013": {},
                "Anteil f\u00fcr Konto Vollhafter 2014": {},
                "Anteil f\u00fcr Konto Vollhafter 2015": {},
                "Anteil f\u00fcr Konto Vollhafter 2016": {},
                "Anteil f\u00fcr Konto Vollhafter 2017": {},
                "Anteil f\u00fcr Konto Vollhafter 2018": {},
                "Anteil f\u00fcr Konto Vollhafter 2019": {},
                "Anteil f\u00fcr Konto Vollhafter 2020": {},
                "Anteil f\u00fcr Konto Vollhafter 2021": {},
                "Anteil f\u00fcr Konto Vollhafter 2022": {},
                "Anteil f\u00fcr Konto Vollhafter 2023": {},
                "Anteil f\u00fcr Konto Vollhafter 2024": {},
                "Anteil f\u00fcr Konto Vollhafter 2025": {},
                "Anteil f\u00fcr Konto Vollhafter 2026": {},
                "Anteil f\u00fcr Konto Vollhafter 2027": {},
                "Anteil f\u00fcr Konto Vollhafter 2028": {},
                "Anteil f\u00fcr Konto Vollhafter 2029": {},
                "Anteil f\u00fcr Konto Vollhafter 9810": {},
                "Anteil f\u00fcr Konto Vollhafter 9811": {},
                "Anteil f\u00fcr Konto Vollhafter 9812": {},
                "Anteil f\u00fcr Konto Vollhafter 9813": {},
                "Anteil f\u00fcr Konto Vollhafter 9814": {},
                "Anteil f\u00fcr Konto Vollhafter 9815": {},
                "Anteil f\u00fcr Konto Vollhafter 9816": {},
                "Anteil f\u00fcr Konto Vollhafter 9817": {},
                "Anteil f\u00fcr Konto Vollhafter 9818": {},
                "Anteil f\u00fcr Konto Vollhafter 9819": {},
                "Anteil f\u00fcr Konto Vollhafter 9820 ": {},
                "Anteil f\u00fcr Konto Vollhafter 9821": {},
                "Anteil f\u00fcr Konto Vollhafter 9822": {},
                "Anteil f\u00fcr Konto Vollhafter 9823": {},
                "Anteil f\u00fcr Konto Vollhafter 9824": {},
                "Anteil f\u00fcr Konto Vollhafter 9825": {},
                "Anteil f\u00fcr Konto Vollhafter 9826": {},
                "Anteil f\u00fcr Konto Vollhafter 9827": {},
                "Anteil f\u00fcr Konto Vollhafter 9828": {},
                "Anteil f\u00fcr Konto Vollhafter 9829": {},
                "Darlehensverzinsung Teillhafter": {},
                "Darlehensverzinsung Vollhafter": {},
                "Gebrauchs\u00fcberlassung Teillhafter": {},
                "Gebrauchs\u00fcberlassung Vollhafter": {},
                "L\u00f6sch- und Korrekturschl\u00fcssel": {},
                "Name des Gesellschafters Teillhafter": {},
                "Name des Gesellschafters Vollhafter": {},
                "Restanteil Teillhafter": {},
                "Restanteil Vollhafter": {},
                "Sonstige Verg\u00fctungen Teillhafter": {},
                "Sonstige Verg\u00fctungen Vollhafter": {},
                "Tantieme Teillhafter": {},
                "Tantieme Vollhafter": {},
                "T\u00e4tigkeitsverg\u00fctung Teillhafter": {},
                "T\u00e4tigkeitsverg\u00fctung Vollhafter": {}
            },
            "Statistische Konten f\u00fcr die im Anhang anzugebenden sonstigen finanziellen Verpflichtungen": {
                "Andere Verpflichtungen gem\u00e4\u00df \u00a7 285 Nr. 3 HGB": {},
                "Andere Verpflichtungen gem\u00e4\u00df \u00a7 285 Nr. 3 HGB gegen\u00fcber verbundenen Unternehmen": {},
                "Gegenkonto zu 9281-9284": {},
                "Verpflichtungen aus Miet- und Leasingsvertr\u00e4gen": {},
                "Verpflichtungen aus Miet- und Leasingsvertr\u00e4gen gegen\u00fcber verbundenen Unternehmen": {}
            },
            "Statistische Konten f\u00fcr in der Bilanz auszuweisende Haftungsverh\u00e4ltnisse": {
                "Gegenkonto zu 9271 - 9279 (Soll-Buchung)": {},
                "Haftung aus der Bestellung von Sicherheiten f\u00fcr fremde Verbindlichkeiten": {},
                "Haftung aus der Bestellung von Sicherheiten f\u00fcr fremde Verbindlichkeiten gegen\u00fcber verbundenen Unternehmen": {},
                "Verbindlichkeiten aus B\u00fcrgschaften- Wechsel- und Scheckb\u00fcrgschaften": {},
                "Verbindlichkeiten aus B\u00fcrgschaften- Wechsel- und Scheckb\u00fcrgschaften gegen\u00fcber verbundenen Unternehmen": {},
                "Verbindlichkeiten aus Gew\u00e4hrleistungsvertr\u00e4gen": {},
                "Verbindlichkeiten aus Gew\u00e4hrleistungsvertr\u00e4gen gegen\u00fcber verbundenen Unternehmen": {},
                "Verbindlichkeiten aus der Begebung und \u00fcbertragung von Wechseln": {},
                "Verbindlichkeiten aus der Begebung und \u00fcbertragung von Wechseln gegen\u00fcber verbundenen Unternehmen": {},
                "Verpflichtungen aus Treuhandverm\u00f6gen": {}
            },
            "Statistische Konten zu \u00a7 4 (4a) EStG": {
                "Erh\u00f6hung der Entnahmen \u00a74 (4a) EStG": {},
                "Gegenkonto zur Erh\u00f6hung der Entnahmen \u00a74 (4a) EStG (Haben)": {},
                "Gegenkonto zur Minderung der Entnahmen \u00a74 (4a) EStG": {},
                "Minderung der Entnahmen \u00a74 (4a) EStG (Haben)": {}
            },
            "Statistische Konten zur informativen Angabe des gezeichneten Kapitals in anderer W\u00e4hrung": {
                "Gezeichnetes Kapital in DM": {
                    "Gezeichnetes Kapital in DM (Art. 42 Abs. 3 S. 1 EGHGB)": {}
                },
                "Gezeichnetes Kapital in Euro": {
                    "Gegenkonto zu 9220-9221": {},
                    "Gezeichnetes Kapital in Euro (Art. 42 Abs. 3 S. 2 EGHGB)": {}
                }
            },
            "Statistische konten f\u00fcr Kinderbetreuungskosten": {
                "Gegenkonto zu 9918 (Haben)": {},
                "Kinderbetreuungskosten (wie Betriebsausgaben steuerlich anzusetzender Betrag)": {}
            },
            "Steueraufwand der Gesellschafter": {
                "Gegenkonto zu 9887": {},
                "Steueraufwand der Gesellschafter ": {}
            },
            "Verrechnungskonto f\u00fcr nicht durch Verm\u00f6genseinlagen gedeckte Entnahmen": {
                "Verrechnungskonto f\u00fcr nicht durch Verm\u00f6genseinlagen gedeckte Entnahmen Kommanditisten": {},
                "Verrechnungskonto f\u00fcr nicht durch Verm\u00f6genseinlagen gedeckte Entnahmen pers\u00f6nlich haftender Gesellschafter": {}
            },
            "Vorsteuer-/Umsatzsteuerkonten zur Korrektur der Forderungen/ Verbindlichkeiten (E\u00fcR)": {
                "Gegenkonto 9893-9894 f\u00fcr die Aufteilung der Umsatzsteuersatz (E\u00fcR)": {},
                "Gegenkonto 9896-9897 f\u00fcr die Aufteilung der Vorsteuer (E\u00fcR)": {},
                "SO Commitment": {},
                "Umsatzsteuer in den Forderungen zum allgemeinen Umsatzsteuersatz (E\u00fcR)": {},
                "Umsatzsteuer in den Forderungen zum erm\u00e4\u00dfigten Umsatzsteuersatz (E\u00fcR)": {},
                "Vorsteuer in den Verbindlichkeiten zum allgemeinen Umsatzsteuersatz (E\u00fcR)": {},
                "Vorsteuer in den Verbindlichkeiten zum erm\u00e4\u00dfigten Umsatzsteuersatz (E\u00fcR)": {}
            },
            "Vortragskonten": {
                "Offene Posten aus 1990": {},
                "Offene Posten aus 1991": {},
                "Offene Posten aus 1992": {},
                "Offene Posten aus 1993": {},
                "Offene Posten aus 1994": {},
                "Offene Posten aus 1995": {},
                "Offene Posten aus 1996": {},
                "Offene Posten aus 1997": {},
                "Offene Posten aus 1998": {},
                "Offene Posten aus 1999": {},
                "Offene Posten aus 2000": {},
                "Offene Posten aus 2001": {},
                "Offene Posten aus 2002": {},
                "Offene Posten aus 2003": {},
                "Offene Posten aus 2004": {},
                "Offene Posten aus 2005": {},
                "Offene Posten aus 2006": {},
                "Offene Posten aus 2007": {},
                "Offene Posten aus 2008": {},
                "Offene Posten aus 2009": {},
                "Saldenvortr\u00e4ge": {},
                "Saldenvortr\u00e4ge Debitoren": {},
                "Saldenvortr\u00e4ge Kreditoren": {},
                "Saldenvortr\u00e4ge- Sachkonten": {},
                "Summenvortragskonto": {}
            },
            "root_type": "Asset"
        }
    }
}
