{
    "country_code": "hn",
    "name": "Plantilla de cuentas de Honduras (sencilla)",
    "tree": {
        "Activo": {
            "Activo Corriente": {
                "Caja y Bancos": {
                    "Caja Chica": {}
                },
                "Cuentas y Documentos por Cobrar": {
                    "Cuentas por Cobrar Empresas Afilidas": {},
                    "Cuentas por Cobrar Generales": {},
                    "Otras Cuentas por Cobrar": {},
                    "Prestamos al Personal": {}
                },
                "ISV por Cobrar": {
                    "ISV por Cobrar": {},
                    "Retenciones de ISV recibidas": {}
                },
                "Inventario": {}
            },
            "Diferido": {
                "Gastos Anticipados": {
                    "Gastos Anticipados": {}
                },
                "Gastos de Organizaci\u00f3n": {
                    "Gastos de Organizaci\u00f3n": {}
                },
                "Gastos por Amortizar": {
                    "Gastos por Amortizar": {}
                },
                "Otros Activos": {
                    "Otros Activos": {}
                }
            },
            "No Corriente": {
                "Depreciaciones Acumuladas": {
                    "Depreciaciones Acumuladas": {}
                },
                "Propiedad, Planta y Equipo": {
                    "Propiedad, Planta y Equipo": {}
                }
            },
			"root_type": "Asset"
        },
        "Pasivo": {
            "Cr\u00e9ditos Diferidos": {
                "Cr\u00e9ditos Diferidos": {
                    "Anticipos": {}
                }
            },
            "Pasivo Corto Plazo": {
                "Cuentas y Documentos por Pagar": {
                    "Cuentas y Documentos por Pagar": {}
                },
                "ISV por Pagar": {
                    "ISV por Pagar": {}
                },
                "Impuestos": {
                    "Impuestos": {}
                }
            },
            "Pasivo a Largo Plazo": {
                "Provisi\u00f3n para Indemnizaciones": {
                    "Provisi\u00f3n para Indemnizaciones": {}
                }
            },
			"root_type": "Liability"
        },
        "Patrimonio": {
            "Patrimonio de los Accionistas": {
                "Patrimonio de los Accionistas": {
                    "Capital Autorizado, Suscr\u00edto y Pagado": {},
                    "Perdidas y Ganancias": {},
                    "Reservas": {}
                }
            },
			"root_type": "Asset"
        },
        "Egresos": {
            "Costos": {
                "Costos de Ventas": {
                    "Costos de Ventas": {}
                }
            },
			"root_type": "Expense"
        },
        "Gastos": {
            "Gastos de Operaci\u00f3n": {
                "Gastos de Administraci\u00f3n": {
                    "Gastos de Administraci\u00f3n": {}
                },
                "Otros Gastos de Operaci\u00f3n": {
                    "Otros Gastos de Operaci\u00f3n": {}
                }
            },
            "Gastos de Ventas": {
                "Gastos de Ventas": {
                    "Gastos de Ventas": {}
                }
            },
            "Gastos no Deducibles": {
                "Gastos no Deducibles": {
                    "Gastos no Deducibles": {}
                }
            },
			"root_type": "Expense"
        },
        "Ingresos": {
            "Otros Ingresos": {
                "Otros Ingresos": {
                    "Otros Ingresos": {}
                }
            },
            "Ventas": {
                "Ventas Netas": {
                    "Descuentos Sobre Ventas": {},
                    "Ventas": {}
                }
            },
			"root_type": "Income"
        },
        "Otros Gastos y Productos Financieros": {
            "Otros Gastos y Productos Financieros": {
                "Otros Gastos y Productos Financieros": {
                    "Intereses": {},
                    "Otros Gastos Financieros": {}
                }
            },
			"root_type": "Expense"
        }
    }
}
