{
    "country_code": "it",
    "name": "Generic Chart of Accounts",
    "tree": {
        "ATTIVO": {
            "CREDITI COMMERCIALI": {
                "cambiali all'incasso": {},
                "cambiali allo sconto": {},
                "cambiali attive": {},
                "cambiali insolute": {},
                "clienti c/spese anticipate": {
                    "account_type": "Receivable"
                },
                "crediti commerciali diversi": {},
                "crediti da liquidare": {},
                "crediti insoluti": {},
                "crediti v/clienti": {
                    "account_type": "Receivable"
                },
                "fatture da emettere": {},
                "fondo rischi su crediti": {},
                "fondo svalutazione crediti": {}
            },
            "CREDITI DIVERSI": {
                "IVA c/acconto": {},
                "IVA n/credito": {},
                "crediti per IVA": {},
                "crediti per cauzioni": {},
                "crediti per imposte": {},
                "crediti per ritenute subite": {},
                "crediti v/istituti previdenziali": {},
                "debitori diversi": {
                    "account_type": "Receivable"
                },
                "imposte c/acconto": {},
                "personale c/acconti": {}
            },
            "DISPONIBILIT\u00c0 LIQUIDE": {
                "assegni": {
                    "account_type": "Cash"
                },
                "banche c/c": {
                    "account_type": "Bank"
                },
                "c/c postali": {
                    "account_type": "Bank"
                },
                "denaro in cassa": {
                    "account_type": "Cash"
                },
                "valori bollati": {
                    "account_type": "Cash"
                }
            },
            "IMMOBILIZZAZIONI FINANZIARIE": {
                "mutui attivi": {}
            },
            "IMMOBILIZZAZIONI IMMATERIALI": {
                "avviamento": {},
                "costi di impianto": {},
                "fondo ammortamento avviamento": {},
                "fondo ammortamento costi di impianto": {},
                "fondo ammortamento software": {},
                "software": {}
            },
            "IMMOBILIZZAZIONI MATERIALI": {
                "arredamento": {},
                "attrezzature commerciali": {},
                "automezzi": {},
                "fabbricati": {},
                "fondo ammortamento arredamento": {},
                "fondo ammortamento attrezzature commerciali": {},
                "fondo ammortamento automezzi": {},
                "fondo ammortamento fabbricati": {},
                "fondo ammortamento imballaggi durevoli": {},
                "fondo ammortamento impianti e macchinari": {},
                "fondo ammortamento macchine d'ufficio": {},
                "fornitori immobilizzazioni c/acconti": {},
                "imballaggi durevoli": {},
                "impianti e macchinari": {},
                "macchine d'ufficio": {}
            },
            "RATEI E RISCONTI ATTIVI": {
                "ratei attivi": {},
                "risconti attivi": {}
            },
            "RIMANENZE": {
                "fornitori c/acconti": {},
                "materie di consumo": {},
                "merci": {}
            },
            "root_type": ""
        },
        "CONTI DI RISULTATO": {
            "conto di risultato economico": {},
            "root_type": "",
            "stato patrimoniale": {}
        },
        "COSTI DELLA PRODUZIONE": {
            "ACCANTONAMENTI": {
                "ACCANTONAMENTI PER RISCHI": {
                    "accantonamento per responsabilit\u00e0 civile": {}
                },
                "ALTRI ACCANTONAMENTI": {
                    "accantonamento per manutenzioni programmate": {},
                    "accantonamento per spese future": {}
                }
            },
            "AMMORTAMENTI IMMOBILIZZAZIONI IMMATERIALI": {
                "ammortamento avviamento": {},
                "ammortamento costi di impianto": {},
                "ammortamento software": {}
            },
            "AMMORTAMENTI IMMOBILIZZAZIONI MATERIALI": {
                "ammortamento arredamento": {},
                "ammortamento attrezzature commerciali": {},
                "ammortamento automezzi": {},
                "ammortamento fabbricati": {},
                "ammortamento imballaggi durevoli": {},
                "ammortamento impianti e macchinari": {},
                "ammortamento macchine d'ufficio": {}
            },
            "COSTI PER GODIMENTO BENI DI TERZI": {
                "canoni di leasing": {},
                "fitti passivi": {}
            },
            "COSTI PER IL PERSONALE": {
                "TFRL": {},
                "altri costi per il personale": {},
                "oneri sociali": {},
                "salari e stipendi": {}
            },
            "COSTI PER SERVIZI": {
                "costi di assicurazione": {},
                "costi di consulenze": {},
                "costi di esercizio automezzi": {},
                "costi di manutenzione e riparazione": {},
                "costi di pubblicit\u00e0": {},
                "costi di trasporto": {},
                "costi di vigilanza": {},
                "costi per energia": {},
                "costi per i locali": {},
                "costi postali": {},
                "costi telefonici": {},
                "provvigioni passive": {},
                "spese di incasso": {}
            },
            "COSTO DEL VENDUTO": {
                "materie di consumo c/acquisti": {},
                "materie di consumo c/esistenze iniziali": {},
                "materie di consumo c/rimanenze finali": {},
                "merci c/acquisti": {},
                "merci c/apporti": {},
                "merci c/esistenze iniziali": {},
                "merci c/rimanenze finali": {},
                "premi su acquisti": {},
                "resi su acquisti": {},
                "ribassi e abbuoni attivi": {}
            },
            "ONERI DIVERSI": {
                "arrotondamenti passivi": {},
                "insussistenze passive ordinarie diverse": {},
                "minusvalenze ordinarie diverse": {},
                "oneri fiscali diversi": {},
                "oneri vari": {},
                "perdite su crediti": {},
                "sopravvenienze passive ordinarie diverse": {}
            },
            "SVALUTAZIONI": {
                "svalutazione crediti": {},
                "svalutazioni immobilizzazioni immateriali": {},
                "svalutazioni immobilizzazioni materiali": {}
            },
            "root_type": ""
        },
        "IMPOSTE DELL'ESERCIZIO": {
            "imposte dell'esercizio": {},
            "root_type": ""
        },
        "PASSIVO": {
            "CONTI DEI SISTEMI SUPPLEMENTARI": {
                "banche c/effetti scontati": {},
                "beni di terzi": {},
                "clienti c/impegni": {},
                "creditori c/leasing": {},
                "creditori per avalli": {},
                "creditori per fideiussioni": {},
                "depositanti beni": {},
                "fornitori c/impegni": {},
                "impegni per beni in leasing": {},
                "merci da consegnare": {},
                "merci da ricevere": {},
                "rischi per avalli": {},
                "rischi per effetti scontati": {},
                "rischi per fideiussioni": {}
            },
            "CONTI TRANSITORI E DIVERSI": {
                "IVA c/liquidazioni": {},
                "banca ... c/c": {},
                "bilancio di apertura": {},
                "bilancio di chiusura": {},
                "istituti previdenziali": {}
            },
            "DEBITI COMMERCIALI": {
                "cambiali passive": {},
                "clienti c/acconti": {
                    "account_type": "Payable"
                },
                "debiti da liquidare": {},
                "debiti v/fornitori": {
                    "account_type": "Payable"
                },
                "fatture da ricevere": {}
            },
            "DEBITI DIVERSI": {
                "IVA n/debito": {},
                "clienti c/cessione": {},
                "creditori diversi": {
                    "account_type": "Payable"
                },
                "debiti per cauzioni": {},
                "debiti per imposte": {},
                "debiti per ritenute da versare": {
                    "account_type": "Payable"
                },
                "debiti v/istituti previdenziali": {},
                "erario c/IVA": {
                    "account_type": "Payable"
                },
                "personale c/liquidazioni": {},
                "personale c/retribuzioni": {}
            },
            "DEBITI FINANZIARI": {
                "banche c/RIBA all'incasso": {},
                "banche c/anticipi su fatture": {},
                "banche c/c passivi": {},
                "banche c/cambiali all'incasso": {},
                "banche c/sovvenzioni": {},
                "debiti v/altri finanziatori": {},
                "mutui passivi": {}
            },
            "FONDI PER RISCHI E ONERI": {
                "fondo manutenzioni programmate": {},
                "fondo per imposte": {},
                "fondo responsabilit\u00e0 civile": {},
                "fondo spese future": {}
            },
            "PATRIMONIO NETTO": {
                "patrimonio netto": {},
                "perdita d'esercizio": {},
                "prelevamenti extra gestione": {},
                "titolare c/ritenute subite": {},
                "utile d'esercizio": {}
            },
            "RATEI E RISCONTI PASSIVI": {
                "ratei passivi": {},
                "risconti passivi": {}
            },
            "TRATTAMENTO FINE RAPPORTO DI LAVORO": {
                "debiti per TFRL": {}
            },
            "root_type": ""
        },
        "PROVENTI E ONERI FINANZIARI": {
            "ONERI FINANZIARI": {
                "interessi passivi bancari": {},
                "interessi passivi su mutui": {},
                "interessi passivi v/fornitori": {},
                "oneri finanziari diversi": {},
                "sconti passivi bancari": {}
            },
            "PROVENTI FINANZIARI": {
                "interessi attivi bancari": {},
                "interessi attivi postali": {},
                "interessi attivi v/clienti": {},
                "proventi finanziari diversi": {}
            },
            "root_type": ""
        },
        "PROVENTI E ONERI STRAORDINARI": {
            "ONERI STRAORDINARI": {
                "imposte esercizi precedenti": {},
                "insussistenze passive straordinarie": {},
                "minusvalenze straordinarie": {},
                "sopravvenienze passive straordinarie": {}
            },
            "PROVENTI STRAORDINARI": {
                "insussistenze attive straordinarie": {},
                "plusvalenze straordinarie": {},
                "sopravvenienze attive straordinarie": {}
            },
            "root_type": ""
        },
        "VALORE DELLA PRODUZIONE": {
            "RICAVI E PROVENTI DIVERSI": {
                "arrotondamenti attivi": {},
                "fitti attivi": {},
                "insussistenze attive ordinarie diverse": {},
                "plusvalenze ordinarie diverse": {},
                "proventi vari": {},
                "sopravvenienze attive ordinarie diverse": {}
            },
            "VENDITE E PRESTAZIONI": {
                "merci c/vendite": {},
                "premi su vendite": {},
                "resi su vendite": {},
                "ribassi e abbuoni passivi": {},
                "rimborsi spese di vendita": {}
            },
            "root_type": ""
        }
    }
}
