{
    "country_code": "pa",
    "name": "Plan de Cuentas",
    "tree": {
        "ACTIVOS": {
            "Activo Fijo": {
                "Activo Fijo / (-) Depreciaci\u00f3n Acumulada": {},
                "Activo Fijo / Equipos": {},
                "Activo Fijo / Inmuebles": {},
                "Activo Fijo / Maquinaria": {},
                "Activo Fijo / Material Rodante Motorizado": {}
            },
            "Activo Intangible": {
                "Activo Intangible / (-) Amortizaci\u00f3n Acumulada": {},
                "Activo Intangible / Concesiones y Franquicias": {},
                "Activo Intangible / Derecho de Llaves": {},
                "Activo Intangible / Marcas y Patentes de Invenci\u00f3n": {}
            },
            "Caja y Bancos": {
                "Caja y Bancos - Bancos": {
                    "Caja y Bancos.../ BCO. CTA CTE PAB": {
                        "account_type": "Bank"
                    }
                },
                "Caja y Bancos - Caja": {
                    "Caja y Bancos - Caja / efectivo PAB": {
                        "account_type": "Cash"
                    }
                },
                "Caja y Bancos - Fondos fijos": {
                    "Caja y Bancos - Fondos fijos / caja menuda 01 PAB": {
                        "account_type": "Cash"
                    }
                },
                "Caja y Bancos - Moneda Extranjera": {
                    "Caja y Bancos - Caja / efectivo USD": {
                        "account_type": "Cash"
                    }
                },
                "Caja y Bancos - Recaudaciones a Depositar ": {
                    "account_type": "Bank"
                },
                "Caja y Bancos - Valores a Depositar ": {
                    "account_type": "Bank"
                }
            },
            "Cuentas por Cobrar": {
                "Cuentas por Cobrar / (-) Previsi\u00f3n para Incobrables": {
                    "account_type": "Receivable"
                },
                "Cuentas por Cobrar / Deudores Morosos": {
                    "account_type": "Receivable"
                },
                "Cuentas por Cobrar / Deudores Varios": {
                    "account_type": "Receivable"
                },
                "Cuentas por Cobrar / Deudores en Gesti\u00f3n Judicial": {
                    "account_type": "Receivable"
                },
                "Cuentas por Cobrar / Deudores por Ventas": {
                    "account_type": "Receivable"
                }
            },
            "Inventarios": {
                "(-) Previsi\u00f3n para Desvalorizaci\u00f3n de Inventarios": {},
                "Inventarios - Mercancias": {
                    "Inventarios - Mercancias / Categoria de productos 01": {}
                },
                "Inventarios - Mercancias en Tr\u00e1nsito": {},
                "Materiales Varios ": {},
                "Materias primas": {},
                "Productos Elaborados": {},
                "Productos en Curso de Elaboraci\u00f3n": {}
            },
            "Inversiones Financieras": {
                "Inversiones / (-) Previsi\u00f3n para Devalorizaci\u00f3n de Acciones": {},
                "Inversiones / Acciones Permanentes": {},
                "Inversiones / Acciones Transitorias": {},
                "Inversiones / T\u00edtulos P\u00fablicos": {}
            },
            "Otras Cuentas por Cobrar": {
                "Otras Cuentas por Cobrar / (-) Intereses (+) a Devengar": {},
                "Otras Cuentas por Cobrar / (-) Previsi\u00f3n para Descuentos": {},
                "Otras Cuentas por Cobrar / Accionistas": {},
                "Otras Cuentas por Cobrar / Alquileres Pagados por Adelantado": {},
                "Otras Cuentas por Cobrar / Anticipo al Personal": {},
                "Otras Cuentas por Cobrar / Anticipo de Impuestos": {},
                "Otras Cuentas por Cobrar / Anticipos a Proveedores": {},
                "Otras Cuentas por Cobrar / Intereses Pagados por Adelantado": {},
                "Otras Cuentas por Cobrar / Pr\u00e9stamos otorgados": {}
            },
			"root_type": "Asset"
        },
        "PASIVOS": {
            "Cuentas por Pagar": {
                "Cuentas por Pagar / (-) Intereses a Devengar por Compras al Cr\u00e9dito": {
                    "account_type": "Payable"
                },
                "Cuentas por Pagar / Anticipos de Clientes": {
                    "account_type": "Payable"
                },
                "Cuentas por Pagar / Proveedores": {
                    "account_type": "Payable"
                }
            },
            "Impuestos por Pagar": {
                "Impuestos por Pagar / ITBMS a Pagar": {},
                "Impuestos por Pagar / Impuesto sobre la Renta a Pagar": {}
            },
            "Otras Cuentas por Pagar": {
                "Otras Cuentas por Pagar / Acreedores Varios": {},
                "Otras Cuentas por Pagar / Cobros por Adelantado": {},
                "Otras Cuentas por Pagar / Dividendos a Pagar": {},
                "Otras Cuentas por Pagar / Honorarios Directores y S\u00edndicos a Pagar": {}
            },
            "Pasivo Circulante": {
                "Pasivo Circulante / Adelantos en Cuenta Corriente": {},
                "Pasivo Circulante / Debentures Emitidos": {},
                "Pasivo Circulante / Intereses a Pagar": {},
                "Pasivo Circulante / Obligaciones a Pagar": {},
                "Pasivo Circulante / Prestamos": {}
            },
            "Provisiones": {
                "Provisiones / Previsi\u00f3n Indemnizaci\u00f3n por Despidos": {},
                "Provisiones / Previsi\u00f3n para Garant\u00edas por Service": {},
                "Provisiones / Previsi\u00f3n para juicios Pendientes": {}
            },
            "Salarios por Pagar": {
                "Salarios por Pagar / Cargas Sociales a Pagar": {},
                "Salarios por Pagar / Provisi\u00f3n para Sueldo Anual Complementario": {},
                "Salarios por Pagar / Retenciones a Depositar": {},
                "Salarios por Pagar / Sueldos a Pagar": {}
            },
			"root_type": "Liability"
        },
        "PATRIMONIO": {
            "Ajustes al Patrimonio": {
                "Ajustes al Patrimonio / Revaluo T\u00e9cnico de Activo Fijo": {}
            },
            "Aportes No Capitalizados": {
                "Aportes No Capitalizados / Aportes Irrevocables Futura Suscripci\u00f3n de Acciones": {},
                "Aportes No Capitalizados / Primas de Emsi\u00f3n": {}
            },
            "Capital": {
                "Capital / (-) Descuento de Emisi\u00f3n de Acciones": {},
                "Capital / Acciones en Circulaci\u00f3n": {},
                "Capital / Capital Propio": {},
                "Capital / Dividendos a Distribuir en Acciones": {}
            },
            "Futuras Eventualidades": {
                "Reserva Estatutaria": {},
                "Reserva Facultativa": {},
                "Reserva Legal": {},
                "Reserva para Renovaci\u00f3n de Activo Fijo": {}
            },
            "Resultados No Asignados": {
                "Resultado del Ejercicio": {},
                "Resultados Acumulados": {},
                "Resultados Acumulados del Ejercicio Anterior": {},
                "Utilidades y P\u00e9rdidas del Ejercicio": {}
            },
			"root_type": "Asset"
        },
        "CUENTAS DE ORDEN ACREEDORAS": {
            "Acreedor por Documentos Descontados": {},
            "Acreedor por Garant\u00edas Otorgadas": {},
            "Comitente por Mercaderias Recibidas en Consignaci\u00f3n": {},
			"root_type": "Liability"
        },
        "CUENTAS DE ORDEN DEUDORAS": {
            "Dep\u00f3sito de Valores Recibos en Garant\u00eda": {},
            "Documentos Descontados": {},
            "Documentos Endosados": {},
            "Garantias Otorgadas": {},
            "Mercaderias Recibidas en Consignaci\u00f3n": {},
			"root_type": "Asset"
        },
        "COSTOS": {
            "Compras": {
                "Compras - Categoria de productos 01": {}
            },
            "Costo de Venta": {
                "Costo de Venta - Categoria de productos 01": {}
            },
            "Costos de Producci\u00f3n": {},
            "Gastos de Administraci\u00f3n": {},
            "Gastos de Comercializaci\u00f3n": {},
			"root_type": "Expense"
        },
        "GASTOS": {
            "Gastos No Operativos": {
                "Donaciones Cedidas, Otorgadas": {},
                "Gastos en Siniestros": {},
                "P\u00e9rdida Venta Activo Fijo": {}
            },
            "Gastos Operativos": {
                "Gastos Bancarios": {},
                "Gastos de Publicidad y Propaganda": {},
                "Gastos en Amortizaci\u00f3n": {},
                "Gastos en Cargas Sociales": {},
                "Gastos en Depreciaci\u00f3n de Activo Fijo": {},
                "Gastos en Impuestos": {},
                "Gastos en Salarios": {},
                "Gastos en Servicios P\u00fablicos": {}
            },
			"root_type": "Expense"
        },
        "INGRESOS": {
            "Ingresos No Operativos": {
                "Donaciones obtenidas, ganandas, percibidas": {},
                "Ganancia Venta Inversiones Permanentes": {},
                "Ganancia Venta de Activo Fijo": {},
                "Recupero de Deudores Incobrables": {},
                "Recupero de Rezagos": {}
            },
            "Ingresos Operativos": {
                "Alquileres gananados, obtenidos, percibidos": {},
                "Comisiones gananados, obtenidos, percibidos": {},
                "Descuentos gananados, obtenidos, percibidos": {},
                "Ganancia Venta de Acciones": {},
                "Honorarios gananados, obtenidos, percibidos": {},
                "Interese sobre Inversiones": {},
                "Intereses gananados, obtenidos, percibidos": {},
                "Ventas": {
                    "Ventas - Categoria de productos 01": {}
                }
            },
			"root_type": "Income"
        }
    }
}
