{
    "country_code": "pl",
    "name": "Plan kont",
    "tree": {
        "Aktywa Trwa\u0142e": {
            "D\u0142ugoterminowe aktywa finansowe": {
                "Inne inwestycje d\u0142ugoterminowe": {
                    "Inne rodzaje d\u0142ugoterminowych aktyw\u00f3w finansowych": {}
                },
                "Odpisy aktualizuj\u0105ce d\u0142ugoterminowe aktywa finansowe": {
                    "Inne d\u0142ugoterminowe aktywa finansowe": {},
                    "Inne papiery warto\u015bciowe": {},
                    "Udzia\u0142y lub akcje": {},
                    "Udzielone po\u017cyczki": {}
                },
                "W jednostkach powi\u0105zanych": {
                    "Inne d\u0142ugoterminowe aktywa finansowe": {},
                    "Inne papiery warto\u015bciowe": {},
                    "Udzia\u0142y lub akcje": {},
                    "Udzielone po\u017cyczki": {}
                },
                "W pozosta\u0142ych jednostkach": {
                    "Inne d\u0142ugoterminowe aktywa finansowe": {},
                    "Inne papiery warto\u015bciowe": {},
                    "Udzia\u0142y lub akcje": {},
                    "Udzielone po\u017cyczki": {}
                }
            },
            "D\u0142ugoterminowe rozliczenia mi\u0119dzyokresowe": {
                "Aktywa z tytu\u0142u odroczonego podatku dochodowego": {},
                "Inne rozliczenia mi\u0119dzyokresowe": {}
            },
            "Inwestycje w nieruchomo\u015bci i prawa": {
                "Nieruchomo\u015bci": {},
                "Warto\u015bci niematerialne i prawne": {}
            },
            "Nale\u017cno\u015bci d\u0142ugoterminowe": {
                "Od jednostek powi\u0105zanych": {},
                "Od pozosta\u0142ych jednostek": {}
            },
            "Odpisy aktualizuj\u0105ce d\u0142ugoterminowe aktywa finansowe": {
                "Odpisy aktualizuj\u0105ce inne rodzaje d\u0142ugoterminowych aktyw\u00f3w finansowych": {},
                "Odpisy aktualizuj\u0105ce lokaty": {},
                "Odpisy aktualizuj\u0105ce udzia\u0142y i akcje w obcych jednostkach": {},
                "Odpisy aktualizuj\u0105ce udzielone po\u017cyczki d\u0142ugoterminowe": {}
            },
            "Odpisy umorzeniowe \u015brodk\u00f3w trwa\u0142ych oraz warto\u015bci niematerialnych i prawnych": {
                "Odpisy umorzeniowe inwestycji w nieruchomo\u015bci i prawa": {
                    "Odpisy umorzeniowe inwestycji w nieruchomo\u015bci": {},
                    "Odpisy umorzeniowe inwestycji w warto\u015bci niematerialne i prawne": {}
                },
                "Odpisy umorzeniowe warto\u015bci niematerialnych i prawnych": {
                    "Odpisy umorzeniowe innych warto\u015bci niematerialnych i prawnych": {},
                    "Odpisy umorzeniowe warto\u015bci firmy": {},
                    "Odpisy umorzeniowe zako\u0144czonych prac rozwojowych": {}
                },
                "Odpisy umorzeniowe \u015brodk\u00f3w trwa\u0142ych": {
                    "Odpisy umorzeniowe budynk\u00f3w, lokali i obiekt\u00f3w in\u017cynierii l\u0105dowej i wodnej": {},
                    "Odpisy umorzeniowe innych \u015brodk\u00f3w trwa\u0142ych": {},
                    "Odpisy umorzeniowe ulepsze\u0144 obcych \u015brodk\u00f3w trwa\u0142ych": {},
                    "Odpisy umorzeniowe urz\u0105dze\u0144 technicznych i maszyn": {},
                    "Odpisy umorzeniowe warto\u015bci grunt\u00f3w i prawa wieczystego u\u017cytkowania grunt\u00f3w": {},
                    "Odpisy umorzeniowe \u015brodk\u00f3w transportu": {}
                }
            },
            "Warto\u015bci niematerialne i prawne": {
                "Inne warto\u015bci niematerialne i prawne": {},
                "Koszty zako\u0144czonych prac rozwojowych": {},
                "Nabyta warto\u015b\u0107 firmy": {},
                "Zaliczki na warto\u015bci niematerialne i prawne": {}
            },
            "root_type": "",
            "\u015arodki Trwa\u0142e": {
                "Budynki, lokale i obiekty in\u017cynierii l\u0105dowej i wodnej": {},
                "Grunty w\u0142asne i prawa wieczystego u\u017cytkowania grunt\u00f3w": {},
                "Inne \u015brodki trwa\u0142e": {},
                "Urz\u0105dzenia techniczne i maszyny": {},
                "\u015arodki transportu": {}
            },
            "\u015arodki trwa\u0142e w budowie": {
                "Inwestycje budowy \u015brodka trwa\u0142ego": {},
                "Nak\u0142ady na budow\u0119 \u015brodka trwa\u0142ego": {},
                "Ulepszenia obcych \u015brodk\u00f3w trwa\u0142ych": {},
                "Ulepszenia \u015brodka trwa\u0142ego": {},
                "Zaliczki na \u015brodki trwa\u0142e w budowie": {}
            }
        },
        "Kapita\u0142y w\u0142asne i wynik finansowy": {
            "Fundusze specjalne": {
                "Inne fundusze specjalne": {
                    "Fundusz na remont zasob\u00f3w mieszkaniowych": {},
                    "Fundusz nagr\u00f3d": {},
                    "Zak\u0142adowy fundusz rehabilitacji os\u00f3b niepe\u0142nosprawnych": {}
                },
                "Zak\u0142adowy fundusz \u015bwiadcze\u0144 socjalnych": {}
            },
            "Kapita\u0142 podstawowy": {},
            "Podatek dochodowy i inne obowi\u0105zkowe obci\u0105\u017cenia wyniku finansowego": {
                "Inne obowi\u0105zkowe obci\u0105\u017cenia wyniku finansowego": {
                    "account_type": "Tax"
                },
                "Podatek dochodowy od os\u00f3b prawnych": {
                    "account_type": "Tax"
                },
                "account_type": "Tax"
            },
            "Pozosta\u0142e kapita\u0142y i fundusze": {
                "Kapita\u0142 rezerwowy": {},
                "Kapita\u0142 z aktualizacji wyceny": {},
                "Kapita\u0142 zapasowy": {},
                "Kapita\u0142y wydzielone w jednostce statutowej i zak\u0142adach (oddzia\u0142ach) samodzielnie sporz\u0105dzaj\u0105cych bilans": {}
            },
            "Rezerwy": {
                "Pozosta\u0142e rezerwy": {
                    "Pozosta\u0142e rezerwy d\u0142ugoterminowe": {},
                    "Pozosta\u0142e rezerwy kr\u00f3tkoterminowe": {}
                },
                "Rezerwa na \u015bwiadczenia": {
                    "Rezerwa d\u0142ugoterminowa na \u015bwiadczenia emerytalne i podobne": {},
                    "Rezerwa kr\u00f3tkoterminowa na \u015bwiadczenia emerytalne i podobne": {}
                },
                "Rezerwa z tytu\u0142u odroczonego podatku dochodowego": {}
            },
            "Rozliczenia mi\u0119dzyokresowe": {
                "Inne rozliczenia mi\u0119dzyokresowe": {
                    "Inne rozliczenia mi\u0119dzyokresowe d\u0142ugoterminowe": {},
                    "Inne rozliczenia mi\u0119dzyokresowe kr\u00f3tkoterminowe": {}
                },
                "Ujemna warto\u015b\u0107 firmy": {}
            },
            "Rozliczenia wyniku finansowego": {},
            "Wynik finansowy": {},
            "root_type": ""
        },
        "Koszty wed\u0142ug rodzaj\u00f3w i ich rozliczenie": {
            "Amortyzacja": {},
            "Koszty wed\u0142ug rodzaj\u00f3w": {
                "Podatki i op\u0142aty": {
                    "Koncesje": {},
                    "Op\u0142aty i prowizje bankowe": {},
                    "Op\u0142aty skarbowe": {},
                    "Op\u0142aty s\u0105dowe, prawnicze i notarialne": {},
                    "Podatek akcyzowy": {},
                    "Podatek od nieruchomo\u015bci": {},
                    "Podatek od \u015brodk\u00f3w transportowych": {},
                    "Pozosta\u0142e podatki i op\u0142aty": {},
                    "VAT niepodlegaj\u0105cy odliczeniu": {}
                },
                "Ubezpieczenia spo\u0142eczne i inne \u015bwiadczenia": {
                    "Odpisy na zak\u0142adowy fundusz \u015bwiadcze\u0144 socjalnych lub \u015bwiadczenia urlopowe": {},
                    "Pozosta\u0142e \u015bwiadczenia": {},
                    "Sk\u0142adki na ubezpieczenia spo\u0142eczne, FP, FG\u015aP": {}
                },
                "Us\u0142ugi obce": {
                    "Analizy sanitarne": {},
                    "Pozosta\u0142e us\u0142ugi": {},
                    "Us\u0142ugi celne": {},
                    "Us\u0142ugi graficzne i drukarskie": {},
                    "Us\u0142ugi kurierskie i transportowe": {},
                    "Us\u0142ugi pocztowe": {},
                    "Us\u0142ugi remontowe": {},
                    "Us\u0142ugi telekomunikacyjne": {}
                },
                "Wynagrodzenia": {
                    "Wynagrodzenia os\u00f3b dora\u017anie zatrudnionych": {},
                    "Wynagrodzenia pracownik\u00f3w": {}
                },
                "Zu\u017cycie materia\u0142\u00f3w i energii": {
                    "Zu\u017cycie energii": {},
                    "Zu\u017cycie innych materia\u0142\u00f3w": {},
                    "Zu\u017cycie materia\u0142\u00f3w biurowych": {},
                    "Zu\u017cycie paliwa do \u015brodk\u00f3w transportu": {},
                    "Zu\u017cycie surowc\u00f3w do wytwarzania produkt\u00f3w": {}
                }
            },
            "Pozosta\u0142e koszty rodzajowe": {},
            "Rozliczenie koszt\u00f3w": {
                "Koszty nie wliczane do warto\u015bci sprzeda\u017cy": {},
                "Koszty zgromadzone": {},
                "Nie podlegaj\u0105ce rozliczeniu w czasie": {},
                "Przypadaj\u0105ce na przysz\u0142e okresy": {}
            },
            "root_type": "",
            "\u015awiadczenia na rzecz pracownik\u00f3w": {}
        },
        "Koszty wed\u0142ug typ\u00f3w dzia\u0142alno\u015bci i ich rozliczenie": {
            "Koszty dzia\u0142alno\u015bci podstawowej-handlowej": {
                "Koszty sprzeda\u017cy wyrob\u00f3w": {},
                "Koszty utrzymania punkt\u00f3w sprzeda\u017cy detalicznej": {}
            },
            "Koszty dzia\u0142alno\u015bci podstawowej-produkcyjnej": {
                "Koszty nie zako\u0144czonych d\u0142ugotrwa\u0142ych us\u0142ug": {},
                "Koszty utrzymania hurtowni": {},
                "Rozliczone koszty dzia\u0142alno\u015bci": {},
                "Straty zwi\u0105zane z wykonaniem d\u0142ugotrwa\u0142ych us\u0142ug": {}
            },
            "Koszty dzia\u0142alno\u015bci pomocniczej": {
                "Pozosta\u0142e koszty": {},
                "\u015awiadczenia us\u0142ug transportowych": {}
            },
            "Koszty zarz\u0105du": {
                "Koszty zarz\u0105dzania jednostk\u0105": {},
                "\u015awiadczenia us\u0142ug na potrzeby reprezentacji i reklamy": {}
            },
            "Rozliczenie koszt\u00f3w dzia\u0142alno\u015bci": {},
            "root_type": ""
        },
        "Materia\u0142y i towary": {
            "Materia\u0142y i opakowania": {
                "Materia\u0142y": {},
                "Materia\u0142y w przerobie": {},
                "Opakowania": {}
            },
            "Odchylenia od cen ewidencyjnych materia\u0142\u00f3w i towar\u00f3w": {
                "Odchylenia od cen ewidencyjnych materia\u0142\u00f3w": {},
                "Odchylenia od cen ewidencyjnych opakowa\u0144": {},
                "Odchylenia od cen ewidencyjnych towar\u00f3w": {
                    "Odchylenia od cen ewidencyjnych towar\u00f3w skupu": {},
                    "Odchylenia od cen ewidencyjnych towar\u00f3w w detalu": {},
                    "Odchylenia od cen ewidencyjnych towar\u00f3w w hurcie": {},
                    "Odchylenia od cen ewidencyjnych towar\u00f3w w zak\u0142adach gastronomicznych": {}
                },
                "Odchylenia z tytu\u0142u aktualizacji warto\u015bci zapas\u00f3w materia\u0142\u00f3w i towar\u00f3w": {}
            },
            "Rozliczenie zakupu": {
                "Niedobory, szkody i nadwy\u017cki w transporcie": {},
                "Op\u0142aty manipulacyjne policzone przez Urz\u0105d Celny": {},
                "Reklamacje faktur dostawc\u00f3w": {},
                "Rozliczenie warto\u015bci materia\u0142\u00f3w i towar\u00f3w w drodze": {},
                "Rozliczenie zakupu materia\u0142\u00f3w": {},
                "Rozliczenie zakupu sk\u0142adnik\u00f3w aktyw\u00f3w trwa\u0142ych": {},
                "Rozliczenie zakupu towar\u00f3w": {},
                "Rozliczenie zakupu us\u0142ug obcych": {},
                "Warto\u015bci dostaw niefakturowanych": {}
            },
            "Towary": {
                "Nieruchomo\u015bci i prawa maj\u0105tkowe przeznaczone do obrotu": {},
                "Towary poza jednostk\u0105": {},
                "Towary skupu": {},
                "Towary w detalu": {},
                "Towary w hurcie": {},
                "Towary w zak\u0142adach gastronomicznych": {}
            },
            "Zapasy obce": {},
            "root_type": ""
        },
        "Produkty i rozliczenia mi\u0119dzyokresowe": {
            "Odchylenia od cen ewidencyjnych produkt\u00f3w": {
                "Odchylenia od cen ewidencyjnych produkt\u00f3w": {},
                "Odchylenia z tytu\u0142u aktualizacji warto\u015bci zapas\u00f3w produkt\u00f3w": {}
            },
            "Pozosta\u0142e rozliczenia mi\u0119dzyokresowe": {
                "Aktywa z tytu\u0142u odroczonego podatku dochodowego": {},
                "Inne rozliczenia mi\u0119dzyokresowe": {}
            },
            "Produkty i p\u00f3\u0142produkty": {
                "Produkty gotowe": {
                    "Produkty gotowe poza jednostk\u0105": {},
                    "Produkty gotowe w magazynie": {}
                },
                "P\u00f3\u0142produkty": {}
            },
            "Rozliczenia mi\u0119dzyokresowe koszt\u00f3w": {
                "Bierne rozliczenia mi\u0119dzyokresowe koszt\u00f3w": {},
                "Czynne rozliczenia mi\u0119dzyokresowe koszt\u00f3w": {}
            },
            "root_type": ""
        },
        "Przychody i koszty zwi\u0105zane z ich osi\u0105gni\u0119ciem": {
            "Koszt w\u0142asny obrot\u00f3w wewn\u0119trznych": {
                "Koszt wytworzenia produkt\u00f3w uznanych za niedobory": {},
                "Koszt wytworzenia wyrob\u00f3w gotowych wydanych do w\u0142asnych sklep\u00f3w": {},
                "Koszt wytworzenia zako\u0144czonych prac rozwojowych": {},
                "Koszt wytworzenia \u015bwiadcze\u0144 na rzecz \u015brodk\u00f3w trwa\u0142ych w budowie": {},
                "Koszt zaniechania okre\u015blonego rodzaju dzia\u0142alno\u015bci": {}
            },
            "Koszty finansowe": {
                "Odpisy z tytu\u0142u utraty warto\u015bci inwestycji-koszty": {},
                "Odsetki zap\u0142acone": {},
                "Pozosta\u0142e koszty finansowe": {},
                "Ujemne r\u00f3\u017cnice kursu walut": {},
                "Warto\u015b\u0107 sprzedanych inwestycji": {}
            },
            "Koszty sprzedanych produkt\u00f3w": {
                "Koszt w\u0142asny sprzeda\u017cy produkt\u00f3w na eksport": {},
                "Koszt w\u0142asny sprzeda\u017cy produkt\u00f3w na kraj": {},
                "Koszt w\u0142asny sprzeda\u017cy us\u0142ug na eksport": {},
                "Koszt w\u0142asny sprzeda\u017cy us\u0142ug na kraj": {}
            },
            "Obroty wewn\u0119trzne": {
                "Koszt niedobor\u00f3w produkt\u00f3w": {},
                "Koszt wyrob\u00f3w w\u0142asnej produkcji wydanych do w\u0142asnych sklep\u00f3w": {},
                "Koszt zaniechania okre\u015blonego rodzaju dzia\u0142alno\u015bci": {},
                "\u015awiadczenia na rzecz \u015brodk\u00f3w trwa\u0142ych w budowie": {}
            },
            "Pozosta\u0142e koszty operacyjne": {
                "Dotacje przekazane": {},
                "Inne pozosta\u0142e koszty operacyjne": {},
                "Odpisy z tytu\u0142u utraty warto\u015bci aktyw\u00f3w niefinansowych": {},
                "Warto\u015b\u0107 sprzedanych niefinansowych aktyw\u00f3w trwa\u0142ych": {}
            },
            "Pozosta\u0142e przychody operacyjne": {
                "Inne pozosta\u0142e przychody operacyjne": {},
                "Otrzymane dotacje": {},
                "Przychody z us\u0142ug socjalnych": {},
                "Przychody ze wzrostu warto\u015bci niefinansowych aktyw\u00f3w trwa\u0142ych": {},
                "Przychody ze zbycia niefinansowych aktyw\u00f3w trwa\u0142ych": {}
            },
            "Przychody finansowe": {
                "Aktualizacja warto\u015bci inwestycji-przychody": {},
                "Dodatnie r\u00f3\u017cnice kursu walut": {},
                "Kwoty nale\u017cne z tytu\u0142u dywidend": {},
                "Kwoty nale\u017cne ze sprzeda\u017cy aktyw\u00f3w finansowych": {},
                "Otrzymane odsetki": {},
                "Pozosta\u0142e przychody finansowe": {},
                "Przychody ze zbycia inwestycji": {}
            },
            "Sprzeda\u017c materia\u0142\u00f3w i opakowa\u0144": {
                "Sprzeda\u017c materia\u0142\u00f3w": {},
                "Sprzeda\u017c odpad\u00f3w": {},
                "Sprzeda\u017c opakowa\u0144": {}
            },
            "Sprzeda\u017c produkt\u00f3w": {
                "Sprzeda\u017c produkt\u00f3w na eksport": {},
                "Sprzeda\u017c produkt\u00f3w na kraj": {},
                "Sprzeda\u017c us\u0142ug na eksport": {},
                "Sprzeda\u017c us\u0142ug na kraj": {}
            },
            "Sprzeda\u017c towar\u00f3w": {
                "Prowizja komisowa": {},
                "Sprzeda\u017c detaliczna towar\u00f3w": {},
                "Sprzeda\u017c hurtowa towar\u00f3w": {},
                "Sprzeda\u017c wysy\u0142kowa towar\u00f3w": {}
            },
            "Straty nadzwyczajne": {},
            "Warto\u015b\u0107 sprzedanych materia\u0142\u00f3w i opakowa\u0144": {
                "Warto\u015b\u0107 w cenach zakupu sprzedanych materia\u0142\u00f3w": {},
                "Warto\u015b\u0107 w cenach zakupu sprzedanych odpad\u00f3w": {},
                "Warto\u015b\u0107 w cenach zakupu sprzedanych opakowa\u0144": {}
            },
            "Warto\u015b\u0107 sprzedanych towar\u00f3w w cenach zakupu": {
                "Prowizja komisowa": {},
                "Warto\u015b\u0107 sprzedanych towar\u00f3w w sprzeda\u017cy detalicznej": {},
                "Warto\u015b\u0107 sprzedanych towar\u00f3w w sprzeda\u017cy hurtowej": {},
                "Warto\u015b\u0107 sprzedanych towar\u00f3w w sprzeda\u017cy wysy\u0142kowej": {}
            },
            "Zyski nadzwyczajne": {},
            "root_type": ""
        },
        "Rozrachunki i roszczenia": {
            "Odpisy aktualizuj\u0105ce rozrachunki": {},
            "Pozosta\u0142e rozrachunki": {
                "Nale\u017cno\u015bci dochodzone na drodze s\u0105dowej": {},
                "Pozosta\u0142e rozrachunki": {},
                "Po\u017cyczki": {
                    "Po\u017cyczki otrzymane": {},
                    "Po\u017cyczki udzielone": {}
                },
                "Rozliczenie niedobor\u00f3w i nadwy\u017cek": {
                    "Rozliczenie nadwy\u017cek": {},
                    "Rozliczenie niedobor\u00f3w": {}
                },
                "Rozrachunki wewn\u0105trzzak\u0142adowe": {},
                "Rozrachunki z tytu\u0142u dop\u0142at i zwrotu dop\u0142at": {},
                "Rozrachunki z tytu\u0142u dywidend": {},
                "Rozrachunki zwi\u0105zane z kapita\u0142em zak\u0142adowym": {
                    "Rozrachunki z tytu\u0142u podwy\u017cszenia kapita\u0142u ze \u015brodk\u00f3w w\u0142asnych sp\u00f3\u0142ki": {},
                    "Rozrachunki z tytu\u0142u umorzenia udzia\u0142\u00f3w w\u0142asnych": {},
                    "Rozrachunki z tytu\u0142u wk\u0142ad\u00f3w niepieni\u0119\u017cnych na kapita\u0142 zak\u0142adowy": {},
                    "Rozrachunki z tytu\u0142u wp\u0142at na kapita\u0142 zak\u0142adowy": {}
                }
            },
            "Rozrachunki pozabilansowe": {
                "Nale\u017cno\u015bci warunkowe": {},
                "Weksle obce dyskontowane lub indosowane": {},
                "Zobowi\u0105zania warunkowe": {}
            },
            "Rozrachunki publicznoprawne": {
                "Pozosta\u0142e rozrachunki publicznoprawne": {
                    "account_type": "Tax"
                },
                "Pozosta\u0142e rozrachunki z urz\u0119dem skarbowym": {
                    "account_type": "Tax"
                },
                "Rozrachunki publicznoprawne z PFRON": {
                    "account_type": "Tax"
                },
                "Rozrachunki publicznoprawne z ZUS": {
                    "account_type": "Tax"
                },
                "Rozrachunki publicznoprawne z urz\u0119dem celnym": {
                    "account_type": "Tax"
                },
                "Rozrachunki publicznoprawne z urz\u0119dem miasta/gminy": {
                    "account_type": "Tax"
                },
                "Rozrachunki z urz\u0119dem skarbowym z tytu\u0142u VAT": {
                    "account_type": "Tax"
                },
                "Rozrachunki z urz\u0119dem skarbowym z tytu\u0142u VAT nale\u017cnego": {
                    "Rozliczenie nale\u017cnego VAT 22%": {
                        "account_type": "Tax"
                    },
                    "Rozliczenie nale\u017cnego VAT 23%": {
                        "account_type": "Tax"
                    },
                    "Rozliczenie nale\u017cnego VAT 3%": {
                        "account_type": "Tax"
                    },
                    "Rozliczenie nale\u017cnego VAT 5%": {
                        "account_type": "Tax"
                    },
                    "Rozliczenie nale\u017cnego VAT 7%": {
                        "account_type": "Tax"
                    },
                    "Rozliczenie nale\u017cnego VAT 8%": {
                        "account_type": "Tax"
                    },
                    "account_type": "Tax"
                },
                "VAT naliczony i jego rozliczenie": {
                    "Rozliczenie naliczonego VAT 22%": {
                        "account_type": "Tax"
                    },
                    "Rozliczenie naliczonego VAT 23%": {
                        "account_type": "Tax"
                    },
                    "Rozliczenie naliczonego VAT 3%": {
                        "account_type": "Tax"
                    },
                    "Rozliczenie naliczonego VAT 5%": {
                        "account_type": "Tax"
                    },
                    "Rozliczenie naliczonego VAT 7%": {
                        "account_type": "Tax"
                    },
                    "Rozliczenie naliczonego VAT 8%": {
                        "account_type": "Tax"
                    }
                }
            },
            "Rozrachunki z dostawcami": {
                "account_type": "Payable"
            },
            "Rozrachunki z odbiorcami": {
                "account_type": "Receivable"
            },
            "Rozrachunki z pracownikami": {
                "Inne rozrachunki z pracownikami": {},
                "Rozrachunki z tytu\u0142u po\u017cyczek udzielonych pracownikom": {},
                "Rozrachunki z tytu\u0142u wynagrodze\u0144": {}
            },
            "root_type": ""
        },
        "\u015arodki pieni\u0119\u017cne, rachunki bankowe oraz inne kr\u00f3tkoterminowe aktywa finansowe": {
            "Inne aktywa pieni\u0119\u017cne": {},
            "Inne \u015brodki pieni\u0119\u017cne": {
                "Pozosta\u0142e inne \u015brodki pieni\u0119\u017cne": {}
            },
            "Kr\u00f3tkoterminowe aktywa finansowe": {
                "Kr\u00f3tkoterminowe aktywa finansowe w jednostkach powi\u0105zanych": {
                    "Inne kr\u00f3tkoterminowe aktywa finansowe": {},
                    "Inne papiery warto\u015bciowe": {},
                    "Udzia\u0142y lub akcje": {},
                    "Udzielone po\u017cyczki": {}
                },
                "Kr\u00f3tkoterminowe aktywa finansowe w pozosta\u0142ych jednostkach": {
                    "Inne kr\u00f3tkoterminowe aktywa finansowe": {},
                    "Inne papiery warto\u015bciowe": {},
                    "Udzia\u0142y lub akcje": {}
                },
                "Odpisy aktualizuj\u0105ce kr\u00f3tkoterminowe aktywa finansowe": {}
            },
            "Kr\u00f3tkoterminowe rozliczenia mi\u0119dzyokresowe": {},
            "Lokaty pieni\u0119\u017cne": {
                "Inne lokaty pieni\u0119\u017cne": {}
            },
            "Rachunki i kredyty bankowe": {
                "Inne rachunki bankowe": {
                    "Rachunek bankowy akretytywy": {},
                    "Rachunek bankowy lokat terminowych": {},
                    "Rachunek bankowy wyodr\u0119bnionych \u015brodk\u00f3w pieni\u0119\u017cnych ZF\u015aS": {}
                },
                "Rachunek bie\u017c\u0105cy": {},
                "Rachunek \u015brodk\u00f3w walutowych": {},
                "Rachunek \u015brodk\u00f3w wyodr\u0119bnionych i zablokowanych": {},
                "Rachunki kredyt\u00f3w bankowych": {},
                "\u015arodki pieni\u0119\u017cne w drodze": {}
            },
            "root_type": "",
            "\u015arodki pieni\u0119\u017cne w kasie": {
                "Kasa krajowych \u015brodk\u00f3w pieni\u0119\u017cnych": {},
                "Kasa zagranicznych \u015brodk\u00f3w pieni\u0119\u017cnych": {}
            }
        }
    }
}
