{
    "country_code": "si", 
    "name": "Kontni na\u010drt za gospodarske dru\u017ebe", 
	"disabled": "Yes",
    "tree": {
        "DOLGORO\u010cNA SREDSTVA": {
            "DANA DOLGORO\u010cNA POSOJILA IN TERJATVE ZA NEVPLA\u010cANI VPOKLICANI KAPITAL": {
                "DANI DOLGORO\u010cNI DEPOZITI": {
                    "DANI DOLGORO\u010cNI DEPOZITI": {}
                }, 
                "DOLGORO\u010cNA POSOJILA, DANA DRUGIM, VKLJU\u010cNO Z DOLGORO\u010cNIMI TERJATVAMI IZ FINAN\u010cNEGA NAJEMA": {
                    "DOLGORO\u010cNA POSOJILA, DANA DRUGIM, VKLJU\u010cNO Z DOLGORO\u010cNIMI TERJATVAMI IZ FINAN\u010cNEGA NAJEMA": {}
                }, 
                "DOLGORO\u010cNA POSOJILA, DANA NA PODLAGI POSOJILNIH POGODB DRU\u017dBAM V SKUPINI, VKLJU\u010cNO Z DOLGORO\u010cNIMI TERJATVAMI IZ FINAN\u010cNEGA NAJEMA": {
                    "DOLGORO\u010cNA POSOJILA, DANA NA PODLAGI POSOJILNIH POGODB DRU\u017dBAM V SKUPINI, VKLJU\u010cNO Z DOLGORO\u010cNIMI TERJATVAMI IZ FINAN\u010cNEGA NAJEMA": {}
                }, 
                "DOLGORO\u010cNA POSOJILA, DANA NA PODLAGI POSOJILNIH POGODB PRIDRU\u017dENIM DRU\u017dBAM IN SKUPAJ OBVLADOVANIM DRU\u017dBAM, VKLJU\u010cNO Z DOLGORO\u010cNIMI TERJATVAMI IZ FINAN\u010cNEGA NAJEMA": {
                    "DOLGORO\u010cNA POSOJILA, DANA NA PODLAGI POSOJILNIH POGODB PRIDRU\u017dENIM DRU\u017dBAM IN SKUPAJ OBVLADOVANIM DRU\u017dBAM, VKLJU\u010cNO Z DOLGORO\u010cNIMI TERJATVAMI IZ FINAN\u010cNEGA NAJEMA": {}
                }, 
                "DOLGORO\u010cNA POSOJILA, DANA Z ODKUPOM OBVEZNIC OD DRUGIH": {
                    "DOLGORO\u010cNA POSOJILA, DANA Z ODKUPOM OBVEZNIC OD DRUGIH": {}
                }, 
                "DOLGORO\u010cNA POSOJILA, DANA Z ODKUPOM OBVEZNIC OD DRU\u017dB V SKUPINI": {
                    "DOLGORO\u010cNA POSOJILA, DANA Z ODKUPOM OBVEZNIC OD DRU\u017dB V SKUPINI": {}
                }, 
                "DOLGORO\u010cNA POSOJILA, DANA Z ODKUPOM OBVEZNIC OD PRIDRU\u017dENIH DRU\u017dB IN SKUPAJ OBVLADOVANIH DRU\u017dB": {
                    "DOLGORO\u010cNA POSOJILA, DANA Z ODKUPOM OBVEZNIC OD PRIDRU\u017dENIH DRU\u017dB IN SKUPAJ OBVLADOVANIH DRU\u017dB": {}
                }, 
                "DOLGORO\u010cNE TERJATVE ZA NEVPLA\u010cANI VPOKLICANI KAPITAL": {
                    "DOLGORO\u010cNE TERJATVE ZA NEVPLA\u010cANI VPOKLICANI KAPITAL": {}
                }, 
                "DRUGA DOLGORO\u010cNO VLO\u017dENA SREDSTVA": {
                    "DRUGA DOLGORO\u010cNO VLO\u017dENA SREDSTVA": {}
                }, 
                "OSLABITEV VREDNOSTI DANIH DOLGORO\u010cNIH POSOJIL": {
                    "OSLABITEV VREDNOSTI DANIH DOLGORO\u010cNIH POSOJIL": {}
                }
            }, 
            "DOLGORO\u010cNE FINAN\u010cNE NALO\u017dBE, RAZEN POSOJIL": {
                "DOLGORO\u010cNE FINAN\u010cNE NALO\u017dBE V DELNICE IN DELE\u017dE DRU\u017dB V SKUPINI, RAZPOREJENE IN IZMERJENE PO NABAVNI VREDNOSTI": {
                    "DOLGORO\u010cNE FINAN\u010cNE NALO\u017dBE V DELNICE IN DELE\u017dE DRU\u017dB V SKUPINI, RAZPOREJENE IN IZMERJENE PO NABAVNI VREDNOSTI": {}
                }, 
                "DOLGORO\u010cNE FINAN\u010cNE NALO\u017dBE V DELNICE IN DELE\u017dE DRU\u017dB V SKUPINI, RAZPOREJENE IN IZMERJENE PO PO\u0160TENI VREDNOSTI PREK KAPITALA": {
                    "DOLGORO\u010cNE FINAN\u010cNE NALO\u017dBE V DELNICE IN DELE\u017dE DRU\u017dB V SKUPINI, RAZPOREJENE IN IZMERJENE PO PO\u0160TENI VREDNOSTI PREK KAPITALA": {}
                }, 
                "DOLGORO\u010cNE FINAN\u010cNE NALO\u017dBE V DELNICE IN DELE\u017dE DRU\u017dB V SKUPINI, RAZPOREJENE IN IZMERJENE PO PO\u0160TENI VREDNOSTI PREK POSLOVNEGA IZIDA": {
                    "DOLGORO\u010cNE FINAN\u010cNE NALO\u017dBE V DELNICE IN DELE\u017dE DRU\u017dB V SKUPINI, RAZPOREJENE IN IZMERJENE PO PO\u0160TENI VREDNOSTI PREK POSLOVNEGA IZIDA": {}
                }, 
                "DOLGORO\u010cNE FINAN\u010cNE NALO\u017dBE V DELNICE IN DELE\u017dE PRIDRU\u017dENIH DRU\u017dB IN SKUPAJ OBVLADOVANIH DRU\u017dB, RAZPOREJENE IN IZMERJENE PO NABAVNI VREDNOSTI": {
                    "DOLGORO\u010cNE FINAN\u010cNE NALO\u017dBE V DELNICE IN DELE\u017dE PRIDRU\u017dENIH DRU\u017dB IN SKUPAJ OBVLADOVANIH DRU\u017dB, RAZPOREJENE IN IZMERJENE PO NABAVNI VREDNOSTI": {}
                }, 
                "DOLGORO\u010cNE FINAN\u010cNE NALO\u017dBE V DELNICE IN DELE\u017dE PRIDRU\u017dENIH DRU\u017dB IN SKUPAJ OBVLADOVANIH DRU\u017dB, RAZPOREJENE IN IZMERJENE PO PO\u0160TENI VREDNOSTI PREK KAPITALA": {
                    "DOLGORO\u010cNE FINAN\u010cNE NALO\u017dBE V DELNICE IN DELE\u017dE PRIDRU\u017dENIH DRU\u017dB IN SKUPAJ OBVLADOVANIH DRU\u017dB, RAZPOREJENE IN IZMERJENE PO PO\u0160TENI VREDNOSTI PREK KAPITALA": {}
                }, 
                "DOLGORO\u010cNE FINAN\u010cNE NALO\u017dBE V DELNICE IN DELE\u017dE PRIDRU\u017dENIH DRU\u017dB IN SKUPAJ OBVLADOVANIH DRU\u017dB, RAZPOREJENE IN IZMERJENE PO PO\u0160TENI VREDNOSTI PREK POSLOVNEGA IZIDA": {
                    "DOLGORO\u010cNE FINAN\u010cNE NALO\u017dBE V DELNICE IN DELE\u017dE PRIDRU\u017dENIH DRU\u017dB IN SKUPAJ OBVLADOVANIH DRU\u017dB, RAZPOREJENE IN IZMERJENE PO PO\u0160TENI VREDNOSTI PREK POSLOVNEGA IZIDA": {}
                }, 
                "DRUGE DOLGORO\u010cNE FINAN\u010cNE NALO\u017dBE, RAZPOREJENE IN IZMERJENE PO NABAVNI VREDNOSTI": {
                    "DRUGE DOLGORO\u010cNE FINAN\u010cNE NALO\u017dBE, RAZPOREJENE IN IZMERJENE PO NABAVNI VREDNOSTI": {}
                }, 
                "DRUGE DOLGORO\u010cNE FINAN\u010cNE NALO\u017dBE, RAZPOREJENE IN IZMERJENE PO PO\u0160TENI VREDNOSTI PREK KAPITALA": {
                    "DRUGE DOLGORO\u010cNE FINAN\u010cNE NALO\u017dBE, RAZPOREJENE IN IZMERJENE PO PO\u0160TENI VREDNOSTI PREK KAPITALA": {}
                }, 
                "DRUGE DOLGORO\u010cNE FINAN\u010cNE NALO\u017dBE, RAZPOREJENE IN IZMERJENE PO PO\u0160TENI VREDNOSTI PREK POSLOVNEGA IZIDA": {
                    "DRUGE DOLGORO\u010cNE FINAN\u010cNE NALO\u017dBE, RAZPOREJENE IN IZMERJENE PO PO\u0160TENI VREDNOSTI PREK POSLOVNEGA IZIDA": {}
                }, 
                "OSLABITEV VREDNOSTI DOLGORO\u010cNIH FINAN\u010cNIH NALO\u017dB": {
                    "OSLABITEV VREDNOSTI DOLGORO\u010cNIH FINAN\u010cNIH NALO\u017dB": {}
                }
            }, 
            "DOLGORO\u010cNE POSLOVNE TERJATVE": {
                "DANE DOLGORO\u010cNE VAR\u0160\u010cINE": {
                    "DANE DOLGORO\u010cNE VAR\u0160\u010cINE": {}
                }, 
                "DANI DOLGORO\u010cNI POTRO\u0160NI\u0160KI KREDITI": {
                    "DANI DOLGORO\u010cNI POTRO\u0160NI\u0160KI KREDITI": {}
                }, 
                "DANI DOLGORO\u010cNI PREDUJMI": {
                    "DANI DOLGORO\u010cNI PREDUJMI": {}
                }, 
                "DOLGORO\u010cNI BLAGOVNI KREDITI, DANI V DR\u017dAVI": {
                    "DOLGORO\u010cNI BLAGOVNI KREDITI, DANI V DR\u017dAVI": {}
                }, 
                "DOLGORO\u010cNI BLAGOVNI KREDITI, DANI V TUJINI": {
                    "DOLGORO\u010cNI BLAGOVNI KREDITI, DANI V TUJINI": {}
                }, 
                "DRUGE DOLGORO\u010cNE POSLOVNE TERJATVE": {
                    "DRUGE DOLGORO\u010cNE POSLOVNE TERJATVE": {}
                }, 
                "OSLABITEV VREDNOSTI DOLGORO\u010cNIH POSLOVNIH TERJATEV": {
                    "OSLABITEV VREDNOSTI DOLGORO\u010cNIH POSLOVNIH TERJATEV": {}
                }
            }, 
            "NALO\u017dBENE NEPREMI\u010cNINE": {
                "NALO\u017dBENE NEPREMI\u010cNINE, VREDNOTENE PO MODELU NABAVNE VREDNOSTI": {
                    "NALO\u017dBENE NEPREMI\u010cNINE, VREDNOTENE PO MODELU NABAVNE VREDNOSTI": {}
                }, 
                "NALO\u017dBENE NEPREMI\u010cNINE, VREDNOTENE PO MODELU PO\u0160TENE VREDNOSTI": {
                    "NALO\u017dBENE NEPREMI\u010cNINE, VREDNOTENE PO MODELU PO\u0160TENE VREDNOSTI": {}
                }, 
                "OSLABITEV VREDNOSTI NALO\u017dBENIH NEPREMI\u010cNIN": {
                    "OSLABITEV VREDNOSTI NALO\u017dBENIH NEPREMI\u010cNIN": {}
                }, 
                "POPRAVEK VREDNOSTI NALO\u017dBENIH NEPREMI\u010cNIN ZARADI AMORTIZIRANJA": {
                    "POPRAVEK VREDNOSTI NALO\u017dBENIH NEPREMI\u010cNIN ZARADI AMORTIZIRANJA": {}
                }
            }, 
            "NEOPREDMETENA SREDSTVA IN DOLGORO\u010cNE AKTIVNE \u010cASOVNE RAZMEJITVE": {
                "DOBRO IME": {
                    "DOBRO IME": {}
                }, 
                "DOLGORO\u010cNE AKTIVNE \u010cASOVNE RAZMEJITVE": {
                    "DOLGORO\u010cNE AKTIVNE \u010cASOVNE RAZMEJITVE": {}
                }, 
                "DRUGA NEOPREDMETENA SREDSTVA (TUDI EMISIJSKI KUPONI)": {
                    "DRUGA NEOPREDMETENA SREDSTVA (TUDI EMISIJSKI KUPONI)": {}
                }, 
                "ODLO\u017dENI STRO\u0160KI RAZVIJANJA": {
                    "ODLO\u017dENI STRO\u0160KI RAZVIJANJA": {}
                }, 
                "OSLABITEV VREDNOSTI NEOPREDMETENIH SREDSTEV": {
                    "OSLABITEV VREDNOSTI NEOPREDMETENIH SREDSTEV": {}
                }, 
                "POPRAVEK VREDNOSTI NEOPREDMETENIH SREDSTEV ZARADI AMORTIZIRANJA": {
                    "POPRAVEK VREDNOSTI NEOPREDMETENIH SREDSTEV ZARADI AMORTIZIRANJA": {}
                }, 
                "PREMO\u017dENJSKE PRAVICE": {
                    "PREMO\u017dENJSKE PRAVICE": {}
                }
            }, 
            "NEPREMI\u010cNINE": {
                "NEPREMI\u010cNINE V GRADNJI OZIROMA IZDELAVI": {
                    "NEPREMI\u010cNINE V GRADNJI OZIROMA IZDELAVI": {}
                }, 
                "ZEMLJI\u0160\u010cA, VREDNOTENA PO MODELU NABAVNE VREDNOSTI": {
                    "ZEMLJI\u0160\u010cA, VREDNOTENA PO MODELU NABAVNE VREDNOSTI": {}
                }, 
                "ZEMLJI\u0160\u010cA, VREDNOTENA PO MODELU PREVREDNOTENJA": {
                    "ZEMLJI\u0160\u010cA, VREDNOTENA PO MODELU PREVREDNOTENJA": {}
                }, 
                "ZGRADBE, VREDNOTENE PO MODELU NABAVNE VREDNOSTI": {
                    "ZGRADBE, VREDNOTENE PO MODELU NABAVNE VREDNOSTI": {}
                }, 
                "ZGRADBE, VREDNOTENE PO MODELU PREVREDNOTENJA": {
                    "ZGRADBE, VREDNOTENE PO MODELU PREVREDNOTENJA": {}
                }
            }, 
            "OPREMA IN DRUGA OPREDMETENA OSNOVNA SREDSTVA": {
                "BIOLO\u0160KA SREDSTVA": {
                    "BIOLO\u0160KA SREDSTVA": {}
                }, 
                "DROBNI INVENTAR": {
                    "DROBNI INVENTAR": {}
                }, 
                "DRUGA OPREDMETENA OSNOVNA SREDSTVA": {
                    "DRUGA OPREDMETENA OSNOVNA SREDSTVA": {}
                }, 
                "OPREMA IN DRUGA OPREDMETENA OSNOVNA SREDSTVA V GRADNJI OZIROMA IZDELAVI": {
                    "OPREMA IN DRUGA OPREDMETENA OSNOVNA SREDSTVA V GRADNJI OZIROMA IZDELAVI": {}
                }, 
                "OPREMA IN NADOMESTNI DELI, VREDNOTENI PO MODELU NABAVNE VREDNOSTI": {
                    "OPREMA IN NADOMESTNI DELI, VREDNOTENI PO MODELU NABAVNE VREDNOSTI": {}
                }, 
                "OPREMA IN NADOMESTNI DELI, VREDNOTENI PO MODELU PREVREDNOTENJA": {
                    "OPREMA IN NADOMESTNI DELI, VREDNOTENI PO MODELU PREVREDNOTENJA": {}
                }, 
                "VLAGANJA V OPREDMETENA OSNOVNA SREDSTVA V TUJI LASTI": {
                    "VLAGANJA V OPREDMETENA OSNOVNA SREDSTVA V TUJI LASTI": {}
                }
            }, 
            "POPRAVEK IN OSLABITEV VREDNOSTI NEPREMI\u010cNIN": {
                "OSLABITEV VREDNOSTI ZEMLJI\u0160\u010c": {
                    "OSLABITEV VREDNOSTI ZEMLJI\u0160\u010c": {}
                }, 
                "OSLABITEV VREDNOSTI ZGRADB": {
                    "OSLABITEV VREDNOSTI ZGRADB": {}
                }, 
                "POPRAVEK VREDNOSTI ZEMLJI\u0160\u010c ZARADI AMORTIZIRANJA (KAMNOLOMI, ODLAGALI\u0160\u010cA ODPADKOV)": {
                    "POPRAVEK VREDNOSTI ZEMLJI\u0160\u010c ZARADI AMORTIZIRANJA (KAMNOLOMI, ODLAGALI\u0160\u010cA ODPADKOV)": {}
                }, 
                "POPRAVEK VREDNOSTI ZGRADB ZARADI AMORTIZIRANJA": {
                    "POPRAVEK VREDNOSTI ZGRADB ZARADI AMORTIZIRANJA": {}
                }
            }, 
            "POPRAVEK IN OSLABITEV VREDNOSTI OPREME IN DRUGIH OPREDMETENIH OSNOVNIH SREDSTEV": {
                "OSLABITEV VREDNOSTI DRUGIH OPREDMETENIH OSNOVNIH SREDSTEV": {
                    "OSLABITEV VREDNOSTI DRUGIH OPREDMETENIH OSNOVNIH SREDSTEV": {}
                }, 
                "OSLABITEV VREDNOSTI OPREME IN NADOMESTNIH DELOV": {
                    "OSLABITEV VREDNOSTI OPREME IN NADOMESTNIH DELOV": {}
                }, 
                "POPRAVEK VREDNOSTI BIOLO\u0160KIH SREDSTEV": {
                    "POPRAVEK VREDNOSTI BIOLO\u0160KIH SREDSTEV": {}
                }, 
                "POPRAVEK VREDNOSTI DROBNEGA INVENTARJA ZARADI AMORTIZIRANJA": {
                    "POPRAVEK VREDNOSTI DROBNEGA INVENTARJA ZARADI AMORTIZIRANJA": {}
                }, 
                "POPRAVEK VREDNOSTI DRUGIH OPREDMETENIH OSNOVNIH SREDSTEV ZARADI AMORTIZIRANJA": {
                    "POPRAVEK VREDNOSTI DRUGIH OPREDMETENIH OSNOVNIH SREDSTEV ZARADI AMORTIZIRANJA": {}
                }, 
                "POPRAVEK VREDNOSTI OPREME IN NADOMESTNIH DELOV ZARADI AMORTIZIRANJA": {
                    "POPRAVEK VREDNOSTI OPREME IN NADOMESTNIH DELOV ZARADI AMORTIZIRANJA": {}
                }, 
                "POPRAVEK VREDNOSTI VLAGANJ V OPREDMETENA OSNOVNA SREDSTVA V TUJI LASTI": {
                    "POPRAVEK VREDNOSTI VLAGANJ V OPREDMETENA OSNOVNA SREDSTVA V TUJI LASTI": {}
                }
            }, 
            "TERJATVE ZA ODLO\u017dENI DAVEK": {
                "TERJATVE ZA ODLO\u017dENI DAVEK IZ DAV\u010cNIH DOBROPISOV, PRENESENIH V NASLEDNJA DAV\u010cNA OBDOBJA": {
                    "TERJATVE ZA ODLO\u017dENI DAVEK IZ DAV\u010cNIH DOBROPISOV, PRENESENIH V NASLEDNJA DAV\u010cNA OBDOBJA": {}
                }, 
                "TERJATVE ZA ODLO\u017dENI DAVEK IZ NEIZRABLJENIH DAV\u010cNIH IZGUB, PRENESENIH V NASLEDNJA DAV\u010cNA OBDOBJA": {
                    "TERJATVE ZA ODLO\u017dENI DAVEK IZ NEIZRABLJENIH DAV\u010cNIH IZGUB, PRENESENIH V NASLEDNJA DAV\u010cNA OBDOBJA": {}
                }, 
                "TERJATVE ZA ODLO\u017dENI DAVEK IZ ODBITNIH ZA\u010cASNIH RAZLIK": {
                    "TERJATVE ZA ODLO\u017dENI DAVEK IZ ODBITNIH ZA\u010cASNIH RAZLIK": {}
                }
            }, 
            "root_type": ""
        }, 
        "KAPITAL, DOLGORO\u010cNE OBVEZNOSTI (DOLGOVI) IN DOLGORO\u010cNE REZERVACIJE": {
            "DOLGORO\u010cNE FINAN\u010cNE OBVEZNOSTI": {
                "DOLGORO\u010cNA POSOJILA, DOBLJENA PRI BANKAH IN DRU\u017dBAH V DR\u017dAVI": {
                    "DOLGORO\u010cNA POSOJILA, DOBLJENA PRI BANKAH IN DRU\u017dBAH V DR\u017dAVI": {}
                }, 
                "DOLGORO\u010cNA POSOJILA, DOBLJENA PRI BANKAH IN DRU\u017dBAH V TUJINI": {
                    "DOLGORO\u010cNA POSOJILA, DOBLJENA PRI BANKAH IN DRU\u017dBAH V TUJINI": {}
                }, 
                "DOLGORO\u010cNA POSOJILA, DOBLJENA PRI DRU\u017dBAH V SKUPINI": {
                    "DOLGORO\u010cNA POSOJILA, DOBLJENA PRI DRU\u017dBAH V SKUPINI": {}
                }, 
                "DOLGORO\u010cNA POSOJILA, DOBLJENA PRI PRIDRU\u017dENIH DRU\u017dBAH": {
                    "DOLGORO\u010cNA POSOJILA, DOBLJENA PRI PRIDRU\u017dENIH DRU\u017dBAH": {}
                }, 
                "DOLGORO\u010cNE FINAN\u010cNE OBVEZNOSTI DO FIZI\u010cNIH OSEB": {
                    "DOLGORO\u010cNE FINAN\u010cNE OBVEZNOSTI DO FIZI\u010cNIH OSEB": {}
                }, 
                "DOLGORO\u010cNE FINAN\u010cNE OBVEZNOSTI V ZVEZI Z OBVEZNICAMI": {
                    "DOLGORO\u010cNE FINAN\u010cNE OBVEZNOSTI V ZVEZI Z OBVEZNICAMI": {}
                }, 
                "DOLGORO\u010cNI DOLGOVI IZ FINAN\u010cNEGA NAJEMA": {
                    "DOLGORO\u010cNI DOLGOVI IZ FINAN\u010cNEGA NAJEMA": {}
                }, 
                "DRUGE DOLGORO\u010cNE FINAN\u010cNE OBVEZNOSTI": {
                    "DRUGE DOLGORO\u010cNE FINAN\u010cNE OBVEZNOSTI": {}
                }
            }, 
            "DOLGORO\u010cNE POSLOVNE OBVEZNOSTI": {
                "DOLGORO\u010cNE MENI\u010cNE OBVEZNOSTI": {
                    "DOLGORO\u010cNE MENI\u010cNE OBVEZNOSTI": {}
                }, 
                "DOLGORO\u010cNI DOBLJENI PREDUJMI IN VAR\u0160\u010cINE": {
                    "DOLGORO\u010cNI DOBLJENI PREDUJMI IN VAR\u0160\u010cINE": {}
                }, 
                "DOLGORO\u010cNI KREDITI, DOBLJENI NA PODLAGI KREDITNIH POGODB OD DRU\u017dB V SKUPINI": {
                    "DOLGORO\u010cNI KREDITI, DOBLJENI NA PODLAGI KREDITNIH POGODB OD DRU\u017dB V SKUPINI": {}
                }, 
                "DOLGORO\u010cNI KREDITI, DOBLJENI NA PODLAGI KREDITNIH POGODB OD PRIDRU\u017dENIH DRU\u017dB IN SKUPAJ OBVLADOVANIH DRU\u017dB": {
                    "DOLGORO\u010cNI KREDITI, DOBLJENI NA PODLAGI KREDITNIH POGODB OD PRIDRU\u017dENIH DRU\u017dB IN SKUPAJ OBVLADOVANIH DRU\u017dB": {}
                }, 
                "DOLGORO\u010cNI KREDITI, DOBLJENI OD DRUGIH DOMA\u010cIH DOBAVITELJEV": {
                    "DOLGORO\u010cNI KREDITI, DOBLJENI OD DRUGIH DOMA\u010cIH DOBAVITELJEV": {}
                }, 
                "DOLGORO\u010cNI KREDITI, DOBLJENI OD DRUGIH TUJIH DOBAVITELJEV": {
                    "DOLGORO\u010cNI KREDITI, DOBLJENI OD DRUGIH TUJIH DOBAVITELJEV": {}
                }, 
                "DRUGE DOLGORO\u010cNE POSLOVNE OBVEZNOSTI": {
                    "DRUGE DOLGORO\u010cNE POSLOVNE OBVEZNOSTI": {}
                }, 
                "OBVEZNOSTI ZA ODLO\u017dENI DAVEK": {
                    "OBVEZNOSTI ZA ODLO\u017dENI DAVEK": {}
                }
            }, 
            "KAPITALSKE REZERVE": {
                "DRUGA VPLA\u010cILA KAPITALA NA PODLAGI STATUTA": {
                    "DRUGA VPLA\u010cILA KAPITALA NA PODLAGI STATUTA": {}
                }, 
                "SPLO\u0160NI PREVREDNOTOVALNI POPRAVEK KAPITALA": {
                    "SPLO\u0160NI PREVREDNOTOVALNI POPRAVEK KAPITALA": {}
                }, 
                "VPLA\u010cILA NAD KNJIGOVODSKO VREDNOSTJO PRI ODTUJITVI ZA\u010cASNO ODKUPLJENIH LASTNIH DELNIC OZIROMA DELE\u017dEV": {
                    "VPLA\u010cILA NAD KNJIGOVODSKO VREDNOSTJO PRI ODTUJITVI ZA\u010cASNO ODKUPLJENIH LASTNIH DELNIC OZIROMA DELE\u017dEV": {}
                }, 
                "VPLA\u010cILA NAD NAJMANJ\u0160IM EMISIJSKIM ZNESKOM KAPITALA, PRIDOBLJENA Z IZDAJO ZAMENLJIVIH OBVEZNIC IN OBVEZNIC Z DELNI\u0160KO NAKUPNO OPCIJO": {
                    "VPLA\u010cILA NAD NAJMANJ\u0160IM EMISIJSKIM ZNESKOM KAPITALA, PRIDOBLJENA Z IZDAJO ZAMENLJIVIH OBVEZNIC IN OBVEZNIC Z DELNI\u0160KO NAKUPNO OPCIJO": {}
                }, 
                "VPLA\u010cILA NAD NAJMANJ\u0160IMI EMISIJSKIMI ZNESKI DELNIC OZIROMA DELE\u017dEV (VPLA\u010cANI PRESE\u017dEK KAPITALA)": {
                    "VPLA\u010cILA NAD NAJMANJ\u0160IMI EMISIJSKIMI ZNESKI DELNIC OZIROMA DELE\u017dEV (VPLA\u010cANI PRESE\u017dEK KAPITALA)": {}
                }, 
                "VPLA\u010cILA ZA PRIDOBITEV DODATNIH PRAVIC IZ DELNIC OZIROMA DELE\u017dEV": {
                    "VPLA\u010cILA ZA PRIDOBITEV DODATNIH PRAVIC IZ DELNIC OZIROMA DELE\u017dEV": {}
                }, 
                "ZNESKI IZ POENOSTAVLJENEGA ZMANJ\u0160ANJA OSNOVNEGA KAPITALA IN ZNESKI ZMANJ\u0160ANJA OSNOVNEGA KAPITALA Z UMIKOM DELNIC OZIROMA DELE\u017dEV": {
                    "ZNESKI IZ POENOSTAVLJENEGA ZMANJ\u0160ANJA OSNOVNEGA KAPITALA IN ZNESKI ZMANJ\u0160ANJA OSNOVNEGA KAPITALA Z UMIKOM DELNIC OZIROMA DELE\u017dEV": {}
                }, 
                "ZNESKI IZ U\u010cINKOV POTRJENE PRISILNE PORAVNAVE": {
                    "ZNESKI IZ U\u010cINKOV POTRJENE PRISILNE PORAVNAVE": {}
                }
            }, 
            "PRESE\u017dEK IZ PREVREDNOTENJA": {
                "POPRAVEK VREDNOSTI PRESE\u017dKOV IZ PREVREDNOTENJA ZA ODLO\u017dENI DAVEK": {
                    "POPRAVEK VREDNOSTI PRESE\u017dKOV IZ PREVREDNOTENJA ZA ODLO\u017dENI DAVEK": {}
                }, 
                "PRESE\u017dEK IZ PREVREDNOTENJA DOLGORO\u010cNIH FINAN\u010cNIH NALO\u017dB": {
                    "PRESE\u017dEK IZ PREVREDNOTENJA DOLGORO\u010cNIH FINAN\u010cNIH NALO\u017dB": {}
                }, 
                "PRESE\u017dEK IZ PREVREDNOTENJA KRATKORO\u010cNIH FINAN\u010cNIH NALO\u017dB": {
                    "PRESE\u017dEK IZ PREVREDNOTENJA KRATKORO\u010cNIH FINAN\u010cNIH NALO\u017dB": {}
                }, 
                "PRESE\u017dEK IZ PREVREDNOTENJA NEOPREDMETENIH SREDSTEV": {
                    "PRESE\u017dEK IZ PREVREDNOTENJA NEOPREDMETENIH SREDSTEV": {}
                }, 
                "PRESE\u017dEK IZ PREVREDNOTENJA OPREME": {
                    "PRESE\u017dEK IZ PREVREDNOTENJA OPREME": {}
                }, 
                "PRESE\u017dEK IZ PREVREDNOTENJA ZEMLJI\u0160\u010c": {
                    "PRESE\u017dEK IZ PREVREDNOTENJA ZEMLJI\u0160\u010c": {}
                }, 
                "PRESE\u017dEK IZ PREVREDNOTENJA ZGRADB": {
                    "PRESE\u017dEK IZ PREVREDNOTENJA ZGRADB": {}
                }
            }, 
            "REZERVACIJE IN DOLGORO\u010cNE PASIVNE \u010cASOVNE RAZMEJITVE": {
                "DRUGE DOLGORO\u010cNE PASIVNE \u010cASOVNE RAZMEJITVE": {
                    "DRUGE DOLGORO\u010cNE PASIVNE \u010cASOVNE RAZMEJITVE": {}
                }, 
                "DRUGE REZERVACIJE IZ NASLOVA DOLGORO\u010cNO VNAPREJ VRA\u010cUNANIH STRO\u0160KOV": {
                    "DRUGE REZERVACIJE IZ NASLOVA DOLGORO\u010cNO VNAPREJ VRA\u010cUNANIH STRO\u0160KOV": {}
                }, 
                "PREJETE DONACIJE": {
                    "PREJETE DONACIJE": {}
                }, 
                "PREJETE DR\u017dAVNE PODPORE": {
                    "PREJETE DR\u017dAVNE PODPORE": {}
                }, 
                "REZERVACIJE ZA DANA JAMSTVA": {
                    "REZERVACIJE ZA DANA JAMSTVA": {}
                }, 
                "REZERVACIJE ZA KO\u010cLJIVE POGODBE": {
                    "REZERVACIJE ZA KO\u010cLJIVE POGODBE": {}
                }, 
                "REZERVACIJE ZA POKOJNINE, JUBILEJNE NAGRADE IN ODPRAVNINE OB UPOKOJITVI": {
                    "REZERVACIJE ZA POKOJNINE, JUBILEJNE NAGRADE IN ODPRAVNINE OB UPOKOJITVI": {}
                }, 
                "REZERVACIJE ZA POKRIVANJE PRIHODNJIH STRO\u0160KOV OZIROMA ODHODKOV ZARADI RAZGRADNJE IN PONOVNE VZPOSTAVITVE PRVOTNEGA STANJA TER DRUGE PODOBNE REZERVACIJE": {
                    "REZERVACIJE ZA POKRIVANJE PRIHODNJIH STRO\u0160KOV OZIROMA ODHODKOV ZARADI RAZGRADNJE IN PONOVNE VZPOSTAVITVE PRVOTNEGA STANJA TER DRUGE PODOBNE REZERVACIJE": {}
                }, 
                "REZERVACIJE ZA STRO\u0160KE REORGANIZACIJE PODJETJA": {
                    "REZERVACIJE ZA STRO\u0160KE REORGANIZACIJE PODJETJA": {}
                }
            }, 
            "REZERVE IZ DOBI\u010cKA": {
                "DRUGE REZERVE IZ DOBI\u010cKA": {
                    "DRUGE REZERVE IZ DOBI\u010cKA": {}
                }, 
                "PRIDOBLJENE LASTNE DELNICE OZIROMA LASTNI POSLOVNI DELE\u017dI (ODBITNA POSTAVKA)": {
                    "PRIDOBLJENE LASTNE DELNICE OZIROMA LASTNI POSLOVNI DELE\u017dI (ODBITNA POSTAVKA)": {}
                }, 
                "REZERVE ZA LASTNE DELNICE OZIROMA LASTNE POSLOVNE DELE\u017dE": {
                    "REZERVE ZA LASTNE DELNICE OZIROMA LASTNE POSLOVNE DELE\u017dE": {}
                }, 
                "STATUTARNE REZERVE": {
                    "STATUTARNE REZERVE": {}
                }, 
                "ZAKONSKE REZERVE": {
                    "ZAKONSKE REZERVE": {}
                }
            }, 
            "VPOKLICANI KAPITAL": {
                "NEVPOKLICANI KAPITAL (ODBITNA POSTAVKA)": {
                    "NEVPOKLICANI KAPITAL (ODBITNA POSTAVKA)": {}
                }, 
                "OSNOVNI DELNI\u0160KI KAPITAL - NAVADNE DELNICE": {
                    "OSNOVNI DELNI\u0160KI KAPITAL - NAVADNE DELNICE": {}
                }, 
                "OSNOVNI DELNI\u0160KI KAPITAL - PREDNOSTNE DELNICE": {
                    "OSNOVNI DELNI\u0160KI KAPITAL - PREDNOSTNE DELNICE": {}
                }, 
                "OSNOVNI KAPITAL - KAPITALSKA VLOGA": {
                    "OSNOVNI KAPITAL - KAPITALSKA VLOGA": {}
                }, 
                "OSNOVNI KAPITAL - KAPITALSKI DELE\u017dI": {
                    "OSNOVNI KAPITAL - KAPITALSKI DELE\u017dI": {}
                }
            }, 
            "ZUNAJBILAN\u010cNI KONTI": {
                "BLAGO, PREJETO V KOMISIJSKO IN KONSIGNACIJSKO PRODAJO": {
                    "BLAGO, PREJETO V KOMISIJSKO IN KONSIGNACIJSKO PRODAJO": {}
                }, 
                "DOL\u017dNIKI, KI SO ZAVAROVALI PLA\u010cILA Z MENICAMI IN DRUGIMI VREDNOSTNIMI PAPIRJI": {
                    "DOL\u017dNIKI, KI SO ZAVAROVALI PLA\u010cILA Z MENICAMI IN DRUGIMI VREDNOSTNIMI PAPIRJI": {}
                }, 
                "DRUGI AKTIVNI ZUNAJBILAN\u010cNI KONTI": {
                    "DRUGI AKTIVNI ZUNAJBILAN\u010cNI KONTI": {}
                }, 
                "DRUGI PASIVNI ZUNAJBILAN\u010cNI KONTI": {
                    "DRUGI PASIVNI ZUNAJBILAN\u010cNI KONTI": {}
                }, 
                "LASTNIKI NAJETIH, IZPOSOJENIH IN ZAKUPLJENIH SREDSTEV": {
                    "LASTNIKI NAJETIH, IZPOSOJENIH IN ZAKUPLJENIH SREDSTEV": {}
                }, 
                "MENICE IN DRUGI VREDNOSTNI PAPIRJI, PREJETI ZA ZAVAROVANJE PLA\u010cIL": {
                    "MENICE IN DRUGI VREDNOSTNI PAPIRJI, PREJETI ZA ZAVAROVANJE PLA\u010cIL": {}
                }, 
                "NAJETA, IZPOSOJENA IN ZAKUPLJENA (TUJA) SREDSTVA": {
                    "NAJETA, IZPOSOJENA IN ZAKUPLJENA (TUJA) SREDSTVA": {}
                }, 
                "NOMINALNA VREDNOST VREDNOTNIC, IZDANIH ZA OBRA\u010cUNAVANJE ZNOTRAJ PRAVNE OSEBE": {
                    "NOMINALNA VREDNOST VREDNOTNIC, IZDANIH ZA OBRA\u010cUNAVANJE ZNOTRAJ PRAVNE OSEBE": {}
                }, 
                "OBVEZNOSTI IZ BLAGA, PREJETEGA V KOMISIJSKO IN KONSIGNACIJSKO PRODAJO": {
                    "OBVEZNOSTI IZ BLAGA, PREJETEGA V KOMISIJSKO IN KONSIGNACIJSKO PRODAJO": {}
                }, 
                "VREDNOTNICE, IZDANE ZA OBRA\u010cUNAVANJE ZNOTRAJ PRAVNE OSEBE": {
                    "VREDNOTNICE, IZDANE ZA OBRA\u010cUNAVANJE ZNOTRAJ PRAVNE OSEBE": {}
                }
            }, 
            "root_type": "", 
            "\u010cISTI DOBI\u010cEK ALI \u010cISTA IZGUBA": {
                "NEUPORABLJENI DEL \u010cISTEGA DOBI\u010cKA POSLOVNEGA LETA": {
                    "NEUPORABLJENI DEL \u010cISTEGA DOBI\u010cKA POSLOVNEGA LETA": {}
                }, 
                "PRENESENA \u010cISTA IZGUBA IZ PREJ\u0160NJIH LET": {
                    "PRENESENA \u010cISTA IZGUBA IZ PREJ\u0160NJIH LET": {}
                }, 
                "PRENESENI \u010cISTI DOBI\u010cEK IZ PREJ\u0160NJIH LET": {
                    "PRENESENI \u010cISTI DOBI\u010cEK IZ PREJ\u0160NJIH LET": {}
                }, 
                "PRENOS IZ PRESE\u017dKA IZ PREVREDNOTENJA": {
                    "PRENOS IZ PRESE\u017dKA IZ PREVREDNOTENJA": {}
                }, 
                "\u010cISTA IZGUBA POSLOVNEGA LETA": {
                    "\u010cISTA IZGUBA POSLOVNEGA LETA": {}
                }
            }
        }, 
        "KRATKORO\u010cNA SREDSTVA, RAZEN ZALOG, IN KRATKORO\u010cNE AKTIVNE \u010cASOVNE RAZMEJITVE": {
            "DANI KRATKORO\u010cNI PREDUJMI IN VAR\u0160\u010cINE": {
                "DANE KRATKORO\u010cNE VAR\u0160\u010cINE": {
                    "DANE KRATKORO\u010cNE VAR\u0160\u010cINE": {}
                }, 
                "DRUGI DANI KRATKORO\u010cNI PREDUJMI IN PREPLA\u010cILA": {
                    "DRUGI DANI KRATKORO\u010cNI PREDUJMI IN PREPLA\u010cILA": {
                        "account_type": "Receivable"
                    }, 
                    "account_type": "Receivable"
                }, 
                "KRATKORO\u010cNI PREDUJMI, DANI ZA NEOPREDMETENA SREDSTVA": {
                    "KRATKORO\u010cNI PREDUJMI, DANI ZA NEOPREDMETENA SREDSTVA": {}
                }, 
                "KRATKORO\u010cNI PREDUJMI, DANI ZA OPREDMETENA OSNOVNA SREDSTVA": {
                    "KRATKORO\u010cNI PREDUJMI, DANI ZA OPREDMETENA OSNOVNA SREDSTVA": {}
                }, 
                "KRATKORO\u010cNI PREDUJMI, DANI ZA ZALOGE MATERIALA IN BLAGA TER \u0160E NE OPRAVLJENE STORITVE": {
                    "KRATKORO\u010cNI PREDUJMI, DANI ZA ZALOGE MATERIALA IN BLAGA TER \u0160E NE OPRAVLJENE STORITVE": {}
                }, 
                "OSLABITEV VREDNOSTI DANIH KRATKORO\u010cNIH PREDUJMOV IN VAR\u0160\u010cIN": {
                    "OSLABITEV VREDNOSTI DANIH KRATKORO\u010cNIH PREDUJMOV IN VAR\u0160\u010cIN": {}
                }
            }, 
            "DENARNA SREDSTVA V BLAGAJNI IN TAKOJ UDENARLJIVI VREDNOSTNI PAPIRJI": {
                "DENAR NA POTI": {
                    "DENAR NA POTI": {}
                }, 
                "DENARNA SREDSTVA V BLAGAJNI, RAZEN DEVIZNIH SREDSTEV": {
                    "DENARNA SREDSTVA V BLAGAJNI, RAZEN DEVIZNIH SREDSTEV": {}
                }, 
                "DEVIZNA SREDSTVA V BLAGAJNI": {
                    "DEVIZNA SREDSTVA V BLAGAJNI": {}
                }, 
                "IZDANI \u010cEKI (ODBITNA POSTAVKA)": {
                    "IZDANI \u010cEKI (ODBITNA POSTAVKA)": {}
                }, 
                "NETVEGANI TAKOJ UDENARLJIVI DOL\u017dNI\u0160KI VREDNOSTNI PAPIRJI": {
                    "NETVEGANI TAKOJ UDENARLJIVI DOL\u017dNI\u0160KI VREDNOSTNI PAPIRJI": {}
                }, 
                "PREJETI \u010cEKI": {
                    "PREJETI \u010cEKI": {}
                }
            }, 
            "DOBROIMETJE PRI BANKAH IN DRUGIH FINAN\u010cNIH IN\u0160TITUCIJAH": {
                "DENARNA SREDSTVA NA POSEBNIH RA\u010cUNIH OZIROMA ZA POSEBNE NAMENE": {
                    "DENARNA SREDSTVA NA POSEBNIH RA\u010cUNIH OZIROMA ZA POSEBNE NAMENE": {}
                }, 
                "DENARNA SREDSTVA NA RA\u010cUNIH, RAZEN DEVIZNIH": {
                    "DENARNA SREDSTVA NA RA\u010cUNIH, RAZEN DEVIZNIH": {}
                }, 
                "DEVIZNA SREDSTVA NA RA\u010cUNIH": {
                    "DEVIZNA SREDSTVA NA RA\u010cUNIH": {}
                }, 
                "KRATKORO\u010cNI DEPOZITI OZIROMA DEPOZITI NA ODPOKLIC, RAZEN DEVIZNIH": {
                    "KRATKORO\u010cNI DEPOZITI OZIROMA DEPOZITI NA ODPOKLIC, RAZEN DEVIZNIH": {}
                }, 
                "KRATKORO\u010cNI DEVIZNI DEPOZITI OZIROMA DEVIZNI DEPOZITI NA ODPOKLIC": {
                    "KRATKORO\u010cNI DEVIZNI DEPOZITI OZIROMA DEVIZNI DEPOZITI NA ODPOKLIC": {}
                }
            }, 
            "DRUGE KRATKORO\u010cNE TERJATVE": {
                "DRUGE KRATKORO\u010cNE TERJATVE DO DR\u017dAVNIH IN DRUGIH IN\u0160TITUCIJ": {
                    "DRUGE KRATKORO\u010cNE TERJATVE DO DR\u017dAVNIH IN DRUGIH IN\u0160TITUCIJ": {}
                }, 
                "KRATKORO\u010cNE TERJATVE ZA DAVEK OD DOHODKOV PRAVNIH OSEB, VKLJU\u010cNO Z DAVKOM, PLA\u010cANIM V TUJINI": {
                    "KRATKORO\u010cNE TERJATVE ZA DAVEK OD DOHODKOV PRAVNIH OSEB, VKLJU\u010cNO Z DAVKOM, PLA\u010cANIM V TUJINI": {}
                }, 
                "KRATKORO\u010cNE TERJATVE ZA DDV, PLA\u010cAN V TUJINI": {
                    "KRATKORO\u010cNE TERJATVE ZA DDV, PLA\u010cAN V TUJINI": {}
                }, 
                "KRATKORO\u010cNE TERJATVE ZA DDV, VRNJEN TUJCEM": {
                    "KRATKORO\u010cNE TERJATVE ZA DDV, VRNJEN TUJCEM": {}
                }, 
                "KRATKORO\u010cNE TERJATVE ZA ODBITNI DDV": {
                    "KRATKORO\u010cNE TERJATVE ZA NEODBITNI DDV": {}, 
                    "KRATKORO\u010cNE TERJATVE ZA ODBITNI DDV 20%": {}, 
                    "KRATKORO\u010cNE TERJATVE ZA ODBITNI DDV 20% IZVEN EU": {}, 
                    "KRATKORO\u010cNE TERJATVE ZA ODBITNI DDV 20% UVOZ": {}, 
                    "KRATKORO\u010cNE TERJATVE ZA ODBITNI DDV 20% V EU": {}, 
                    "KRATKORO\u010cNE TERJATVE ZA ODBITNI DDV 8,5%": {}, 
                    "KRATKORO\u010cNE TERJATVE ZA ODBITNI DDV 8,5% IZVEN EU": {}, 
                    "KRATKORO\u010cNE TERJATVE ZA ODBITNI DDV 8,5% UVOZ": {}, 
                    "KRATKORO\u010cNE TERJATVE ZA ODBITNI DDV 8,5% V EU": {}
                }, 
                "OSLABITEV VREDNOSTI DRUGIH KRATKORO\u010cNIH TERJATEV": {
                    "OSLABITEV VREDNOSTI DRUGIH KRATKORO\u010cNIH TERJATEV": {}
                }, 
                "OSTALE KRATKORO\u010cNE TERJATVE": {
                    "OSTALE KRATKORO\u010cNE TERJATVE": {}
                }
            }, 
            "KRATKORO\u010cNA POSOJILA IN KRATKORO\u010cNE TERJATVE ZA NEVPLA\u010cANI KAPITAL": {
                "KRATKORO\u010cNA POSOJILA, DANA DRUGIM": {
                    "KRATKORO\u010cNA POSOJILA, DANA DRUGIM": {}
                }, 
                "KRATKORO\u010cNA POSOJILA, DANA NA PODLAGI POSOJILNIH POGODB DRU\u017dBAM V SKUPINI": {
                    "KRATKORO\u010cNA POSOJILA, DANA NA PODLAGI POSOJILNIH POGODB DRU\u017dBAM V SKUPINI": {}
                }, 
                "KRATKORO\u010cNA POSOJILA, DANA NA PODLAGI POSOJILNIH POGODB PRIDRU\u017dENIM DRU\u017dBAM IN SKUPAJ OBVLADOVANIM DRU\u017dBAM": {
                    "KRATKORO\u010cNA POSOJILA, DANA NA PODLAGI POSOJILNIH POGODB PRIDRU\u017dENIM DRU\u017dBAM IN SKUPAJ OBVLADOVANIM DRU\u017dBAM": {}
                }, 
                "KRATKORO\u010cNI DEPOZITI V BANKAH IN DRUGIH FINAN\u010cNIH ORGANIZACIJAH": {
                    "KRATKORO\u010cNI DEPOZITI V BANKAH IN DRUGIH FINAN\u010cNIH ORGANIZACIJAH": {}
                }, 
                "KRATKORO\u010cNO DANA POSOJILA Z ODKUPOM DRUGIH DOL\u017dNI\u0160KIH VREDNOSTNIH PAPIRJEV": {
                    "KRATKORO\u010cNO DANA POSOJILA Z ODKUPOM DRUGIH DOL\u017dNI\u0160KIH VREDNOSTNIH PAPIRJEV": {}
                }, 
                "KRATKORO\u010cNO DANA POSOJILA Z ODKUPOM OBVEZNIC": {
                    "KRATKORO\u010cNO DANA POSOJILA Z ODKUPOM OBVEZNIC": {}
                }, 
                "KRATKORO\u010cNO NEVPLA\u010cANI VPOKLICANI KAPITAL": {
                    "KRATKORO\u010cNO NEVPLA\u010cANI VPOKLICANI KAPITAL": {}
                }, 
                "OSLABITEV VREDNOSTI KRATKORO\u010cNIH POSOJIL": {
                    "OSLABITEV VREDNOSTI KRATKORO\u010cNIH POSOJIL": {}
                }, 
                "PREJETE MENICE": {
                    "PREJETE MENICE": {}
                }
            }, 
            "KRATKORO\u010cNE AKTIVNE \u010cASOVNE RAZMEJITVE": {
                "DDV OD PREJETIH PREDUJMOV": {
                    "DDV OD PREJETIH PREDUJMOV": {}
                }, 
                "KRATKORO\u010cNO NEZARA\u010cUNANI PRIHODKI": {
                    "KRATKORO\u010cNO NEZARA\u010cUNANI PRIHODKI": {}
                }, 
                "KRATKORO\u010cNO ODLO\u017dENI STRO\u0160KI OZIROMA ODHODKI": {
                    "KRATKORO\u010cNO ODLO\u017dENI STRO\u0160KI OZIROMA ODHODKI": {}
                }, 
                "VREDNOTNICE": {
                    "VREDNOTNICE": {}
                }
            }, 
            "KRATKORO\u010cNE FINAN\u010cNE NALO\u017dBE, RAZEN POSOJIL": {
                "DRUGE KRATKORO\u010cNE FINAN\u010cNE NALO\u017dBE, RAZPOREJENE IN IZMERJENE PO NABAVNI VREDNOSTI": {
                    "DRUGE KRATKORO\u010cNE FINAN\u010cNE NALO\u017dBE, RAZPOREJENE IN IZMERJENE PO NABAVNI VREDNOSTI": {}
                }, 
                "DRUGE KRATKORO\u010cNE FINAN\u010cNE NALO\u017dBE, RAZPOREJENE IN IZMERJENE PO PO\u0160TENI VREDNOSTI PREK KAPITALA": {
                    "DRUGE KRATKORO\u010cNE FINAN\u010cNE NALO\u017dBE, RAZPOREJENE IN IZMERJENE PO PO\u0160TENI VREDNOSTI PREK KAPITALA": {}
                }, 
                "DRUGE KRATKORO\u010cNE FINAN\u010cNE NALO\u017dBE, RAZPOREJENE IN IZMERJENE PO PO\u0160TENI VREDNOSTI PREK POSLOVNEGA IZIDA": {
                    "DRUGE KRATKORO\u010cNE FINAN\u010cNE NALO\u017dBE, RAZPOREJENE IN IZMERJENE PO PO\u0160TENI VREDNOSTI PREK POSLOVNEGA IZIDA": {}
                }, 
                "KRATKORO\u010cNE FINAN\u010cNE NALO\u017dBE V DELNICE IN DELE\u017dE DRU\u017dB V SKUPINI, RAZPOREJENE IN IZMERJENE PO NABAVNI VREDNOSTI": {
                    "KRATKORO\u010cNE FINAN\u010cNE NALO\u017dBE V DELNICE IN DELE\u017dE DRU\u017dB V SKUPINI, RAZPOREJENE IN IZMERJENE PO NABAVNI VREDNOSTI": {}
                }, 
                "KRATKORO\u010cNE FINAN\u010cNE NALO\u017dBE V DELNICE IN DELE\u017dE DRU\u017dB V SKUPINI, RAZPOREJENE IN IZMERJENE PO PO\u0160TENI VREDNOSTI PREK KAPITALA": {
                    "KRATKORO\u010cNE FINAN\u010cNE NALO\u017dBE V DELNICE IN DELE\u017dE DRU\u017dB V SKUPINI, RAZPOREJENE IN IZMERJENE PO PO\u0160TENI VREDNOSTI PREK KAPITALA": {}
                }, 
                "KRATKORO\u010cNE FINAN\u010cNE NALO\u017dBE V DELNICE IN DELE\u017dE DRU\u017dB V SKUPINI, RAZPOREJENE IN IZMERJENE PO PO\u0160TENI VREDNOSTI PREK POSLOVNEGA IZIDA": {
                    "KRATKORO\u010cNE FINAN\u010cNE NALO\u017dBE V DELNICE IN DELE\u017dE DRU\u017dB V SKUPINI, RAZPOREJENE IN IZMERJENE PO PO\u0160TENI VREDNOSTI PREK POSLOVNEGA IZIDA": {}
                }, 
                "KRATKORO\u010cNE FINAN\u010cNE NALO\u017dBE V DELNICE IN DELE\u017dE PRIDRU\u017dENIH DRU\u017dB IN SKUPAJ OBVLADOVANIH DRU\u017dB, RAZPOREJENE IN IZMERJENE PO NABAVNI VREDNOSTI": {
                    "KRATKORO\u010cNE FINAN\u010cNE NALO\u017dBE V DELNICE IN DELE\u017dE PRIDRU\u017dENIH DRU\u017dB IN SKUPAJ OBVLADOVANIH DRU\u017dB, RAZPOREJENE IN IZMERJENE PO NABAVNI VREDNOSTI": {}
                }, 
                "KRATKORO\u010cNE FINAN\u010cNE NALO\u017dBE V DELNICE IN DELE\u017dE PRIDRU\u017dENIH DRU\u017dB IN SKUPAJ OBVLADOVANIH DRU\u017dB, RAZPOREJENE IN IZMERJENE PO PO\u0160TENI VREDNOSTI PREK KAPITALA": {
                    "KRATKORO\u010cNE FINAN\u010cNE NALO\u017dBE V DELNICE IN DELE\u017dE PRIDRU\u017dENIH DRU\u017dB IN SKUPAJ OBVLADOVANIH DRU\u017dB, RAZPOREJENE IN IZMERJENE PO PO\u0160TENI VREDNOSTI PREK KAPITALA": {}
                }, 
                "KRATKORO\u010cNE FINAN\u010cNE NALO\u017dBE V DELNICE IN DELE\u017dE PRIDRU\u017dENIH DRU\u017dB IN SKUPAJ OBVLADOVANIH DRU\u017dB, RAZPOREJENE IN IZMERJENE PO PO\u0160TENI VREDNOSTI PREK POSLOVNEGA IZIDA": {
                    "KRATKORO\u010cNE FINAN\u010cNE NALO\u017dBE V DELNICE IN DELE\u017dE PRIDRU\u017dENIH DRU\u017dB IN SKUPAJ OBVLADOVANIH DRU\u017dB, RAZPOREJENE IN IZMERJENE PO PO\u0160TENI VREDNOSTI PREK POSLOVNEGA IZIDA": {}
                }, 
                "OSLABITEV VREDNOSTI KRATKORO\u010cNIH FINAN\u010cNIH NALO\u017dB": {
                    "OSLABITEV VREDNOSTI KRATKORO\u010cNIH FINAN\u010cNIH NALO\u017dB": {}
                }
            }, 
            "KRATKORO\u010cNE TERJATVE DO KUPCEV": {
                "KRATKORO\u010cNE TERJATVE DO KUPCEV V DR\u017dAVI": {
                    "KRATKORO\u010cNE TERJATVE DO KUPCEV V DR\u017dAVI": {
                        "account_type": "Receivable"
                    }, 
                    "account_type": "Receivable"
                }, 
                "KRATKORO\u010cNE TERJATVE DO KUPCEV V TUJINI": {
                    "KRATKORO\u010cNE TERJATVE DO KUPCEV V TUJINI": {
                        "account_type": "Receivable"
                    }, 
                    "account_type": "Receivable"
                }, 
                "KRATKORO\u010cNI BLAGOVNI KREDITI, DANI KUPCEM V DR\u017dAVI": {
                    "KRATKORO\u010cNI BLAGOVNI KREDITI, DANI KUPCEM V DR\u017dAVI": {}
                }, 
                "KRATKORO\u010cNI BLAGOVNI KREDITI, DANI KUPCEM V TUJINI": {
                    "KRATKORO\u010cNI BLAGOVNI KREDITI, DANI KUPCEM V TUJINI": {}
                }, 
                "KRATKORO\u010cNI POTRO\u0160NI\u0160KI KREDITI, DANI KUPCEM V DR\u017dAVI": {
                    "KRATKORO\u010cNI POTRO\u0160NI\u0160KI KREDITI, DANI KUPCEM V DR\u017dAVI": {}
                }, 
                "OSLABITEV VREDNOSTI KRATKORO\u010cNIH TERJATEV DO KUPCEV": {
                    "OSLABITEV VREDNOSTI KRATKORO\u010cNIH TERJATEV DO KUPCEV": {}
                }
            }, 
            "KRATKORO\u010cNE TERJATVE IZ POSLOVANJA ZA TUJ RA\u010cUN": {
                "DRUGE KRATKORO\u010cNE TERJATVE IZ POSLOVANJA ZA TUJ RA\u010cUN": {
                    "DRUGE KRATKORO\u010cNE TERJATVE IZ POSLOVANJA ZA TUJ RA\u010cUN": {}
                }, 
                "KRATKORO\u010cNE TERJATVE DO IZVOZNIKOV": {
                    "KRATKORO\u010cNE TERJATVE DO IZVOZNIKOV": {}
                }, 
                "KRATKORO\u010cNE TERJATVE IZ KOMISIJSKE IN KONSIGNACIJSKE PRODAJE": {
                    "KRATKORO\u010cNE TERJATVE IZ KOMISIJSKE IN KONSIGNACIJSKE PRODAJE": {}
                }, 
                "KRATKORO\u010cNE TERJATVE IZ UVOZA ZA TUJ RA\u010cUN": {
                    "KRATKORO\u010cNE TERJATVE IZ UVOZA ZA TUJ RA\u010cUN": {}
                }, 
                "OSLABITEV VREDNOSTI KRATKORO\u010cNIH TERJATEV IZ POSLOVANJA ZA TUJ RA\u010cUN": {
                    "OSLABITEV VREDNOSTI KRATKORO\u010cNIH TERJATEV IZ POSLOVANJA ZA TUJ RA\u010cUN": {}
                }
            }, 
            "KRATKORO\u010cNE TERJATVE, POVEZANE S FINAN\u010cNIMI PRIHODKI": {
                "DRUGE KRATKORO\u010cNE TERJATVE, POVEZANE S FINAN\u010cNIMI PRIHODKI": {
                    "DRUGE KRATKORO\u010cNE TERJATVE, POVEZANE S FINAN\u010cNIMI PRIHODKI": {}
                }, 
                "KRATKORO\u010cNE TERJATVE ZA DIVIDENDE": {
                    "KRATKORO\u010cNE TERJATVE ZA DIVIDENDE": {}
                }, 
                "KRATKORO\u010cNE TERJATVE ZA DRUGE DELE\u017dE V DOBI\u010cKU": {
                    "KRATKORO\u010cNE TERJATVE ZA DRUGE DELE\u017dE V DOBI\u010cKU": {}
                }, 
                "KRATKORO\u010cNE TERJATVE ZA OBRESTI": {
                    "KRATKORO\u010cNE TERJATVE ZA OBRESTI": {}
                }, 
                "OSLABITEV VREDNOSTI KRATKORO\u010cNIH TERJATEV, POVEZANIH S FINAN\u010cNIMI PRIHODKI": {
                    "OSLABITEV VREDNOSTI KRATKORO\u010cNIH TERJATEV, POVEZANIH S FINAN\u010cNIMI PRIHODKI": {}
                }
            }, 
            "root_type": ""
        }, 
        "KRATKORO\u010cNE OBVEZNOSTI (DOLGOVI) IN KRATKORO\u010cNE PASIVNE \u010cASOVNE RAZMEJITVE": {
            "DRUGE KRATKORO\u010cNE OBVEZNOSTI": {
                "KRATKORO\u010cNE MENI\u010cNE OBVEZNOSTI": {
                    "KRATKORO\u010cNE MENI\u010cNE OBVEZNOSTI": {}
                }, 
                "KRATKORO\u010cNE OBVEZNOSTI V ZVEZI Z ODTEGLJAJI OD PLA\u010c IN NADOMESTIL PLA\u010c ZAPOSLENCEM": {
                    "KRATKORO\u010cNE OBVEZNOSTI V ZVEZI Z ODTEGLJAJI OD PLA\u010c IN NADOMESTIL PLA\u010c ZAPOSLENCEM": {}
                }, 
                "KRATKORO\u010cNE OBVEZNOSTI ZA OBRESTI": {
                    "KRATKORO\u010cNE OBVEZNOSTI ZA OBRESTI": {}
                }, 
                "OSTALE KRATKORO\u010cNE POSLOVNE OBVEZNOSTI": {
                    "OSTALE KRATKORO\u010cNE POSLOVNE OBVEZNOSTI": {}
                }
            }, 
            "KRATKORO\u010cNE FINAN\u010cNE OBVEZNOSTI": {
                "DRUGE KRATKORO\u010cNE FINAN\u010cNE OBVEZNOSTI": {
                    "DRUGE KRATKORO\u010cNE FINAN\u010cNE OBVEZNOSTI": {}
                }, 
                "KRATKORO\u010cNA POSOJILA, DOBLJENA PRI BANKAH IN DRU\u017dBAH V DR\u017dAVI": {
                    "KRATKORO\u010cNA POSOJILA, DOBLJENA PRI BANKAH IN DRU\u017dBAH V DR\u017dAVI": {}
                }, 
                "KRATKORO\u010cNA POSOJILA, DOBLJENA PRI BANKAH IN DRU\u017dBAH V TUJINI": {
                    "KRATKORO\u010cNA POSOJILA, DOBLJENA PRI BANKAH IN DRU\u017dBAH V TUJINI": {}
                }, 
                "KRATKORO\u010cNA POSOJILA, DOBLJENA PRI DRU\u017dBAH V SKUPINI": {
                    "KRATKORO\u010cNA POSOJILA, DOBLJENA PRI DRU\u017dBAH V SKUPINI": {}
                }, 
                "KRATKORO\u010cNA POSOJILA, DOBLJENA PRI PRIDRU\u017dENIH DRU\u017dBAH IN SKUPAJ OBVLADOVANIH DRU\u017dBAH": {
                    "KRATKORO\u010cNA POSOJILA, DOBLJENA PRI PRIDRU\u017dENIH DRU\u017dBAH IN SKUPAJ OBVLADOVANIH DRU\u017dBAH": {}
                }, 
                "KRATKORO\u010cNE FINAN\u010cNE OBVEZNOSTI DO FIZI\u010cNIH OSEB": {
                    "KRATKORO\u010cNE FINAN\u010cNE OBVEZNOSTI DO FIZI\u010cNIH OSEB": {}
                }, 
                "KRATKORO\u010cNE FINAN\u010cNE OBVEZNOSTI V ZVEZI Z OBVEZNICAMI": {
                    "KRATKORO\u010cNE FINAN\u010cNE OBVEZNOSTI V ZVEZI Z OBVEZNICAMI": {}
                }, 
                "KRATKORO\u010cNE OBVEZNOSTI V ZVEZI Z RAZDELITVIJO POSLOVNEGA IZIDA": {
                    "KRATKORO\u010cNE OBVEZNOSTI V ZVEZI Z RAZDELITVIJO POSLOVNEGA IZIDA": {}
                }, 
                "OBVEZNOSTI IZ VPLA\u010cILA KAPITALA DO VPISA V SODNI REGISTER": {
                    "OBVEZNOSTI IZ VPLA\u010cILA KAPITALA DO VPISA V SODNI REGISTER": {}
                }
            }, 
            "KRATKORO\u010cNE OBVEZNOSTI (DOLGOVI) DO DOBAVITELJEV": {
                "KRATKORO\u010cNE OBVEZNOSTI (DOLGOVI) DO DOBAVITELJEV V DR\u017dAVI": {
                    "KRATKORO\u010cNE OBVEZNOSTI (DOLGOVI) DO DOBAVITELJEV V DR\u017dAVI": {
                        "account_type": "Payable"
                    }, 
                    "account_type": "Payable"
                }, 
                "KRATKORO\u010cNE OBVEZNOSTI (DOLGOVI) DO DOBAVITELJEV V TUJINI": {
                    "KRATKORO\u010cNE OBVEZNOSTI (DOLGOVI) DO DOBAVITELJEV V TUJINI": {
                        "account_type": "Payable"
                    }, 
                    "account_type": "Payable"
                }, 
                "KRATKORO\u010cNE OBVEZNOSTI (DOLGOVI) ZA NEZARA\u010cUNANE BLAGO IN STORITVE": {
                    "KRATKORO\u010cNE OBVEZNOSTI (DOLGOVI) ZA NEZARA\u010cUNANE BLAGO IN STORITVE": {}
                }, 
                "KRATKORO\u010cNI BLAGOVNI KREDITI, PREJETI V DR\u017dAVI": {
                    "KRATKORO\u010cNI BLAGOVNI KREDITI, PREJETI V DR\u017dAVI": {}
                }, 
                "KRATKORO\u010cNI BLAGOVNI KREDITI, PREJETI V TUJINI": {
                    "KRATKORO\u010cNI BLAGOVNI KREDITI, PREJETI V TUJINI": {}
                }
            }, 
            "KRATKORO\u010cNE OBVEZNOSTI DO ZAPOSLENCEV": {
                "KRATKORO\u010cNE OBVEZNOSTI ZA DAVEK IZ DRUGIH PREJEMKOV IZ DELOVNEGA RAZMERJA, KI SE NE OBRA\u010cUNAVAJO SKUPAJ S PLA\u010cAMI": {
                    "KRATKORO\u010cNE OBVEZNOSTI ZA DAVEK IZ DRUGIH PREJEMKOV IZ DELOVNEGA RAZMERJA, KI SE NE OBRA\u010cUNAVAJO SKUPAJ S PLA\u010cAMI": {}
                }, 
                "KRATKORO\u010cNE OBVEZNOSTI ZA DAVKE IZ KOSMATIH PLA\u010c IN NADOMESTIL PLA\u010c": {
                    "KRATKORO\u010cNE OBVEZNOSTI ZA DAVKE IZ KOSMATIH PLA\u010c IN NADOMESTIL PLA\u010c": {}
                }, 
                "KRATKORO\u010cNE OBVEZNOSTI ZA DRUGE PREJEMKE IZ DELOVNEGA RAZMERJA": {
                    "KRATKORO\u010cNE OBVEZNOSTI ZA DRUGE PREJEMKE IZ DELOVNEGA RAZMERJA": {}
                }, 
                "KRATKORO\u010cNE OBVEZNOSTI ZA PRISPEVKE IZ DRUGIH PREJEMKOV IZ DELOVNEGA RAZMERJA, KI SE NE OBRA\u010cUNAVAJO SKUPAJ S PLA\u010cAMI": {
                    "KRATKORO\u010cNE OBVEZNOSTI ZA PRISPEVKE IZ DRUGIH PREJEMKOV IZ DELOVNEGA RAZMERJA, KI SE NE OBRA\u010cUNAVAJO SKUPAJ S PLA\u010cAMI": {}
                }, 
                "KRATKORO\u010cNE OBVEZNOSTI ZA PRISPEVKE IZ KOSMATIH PLA\u010c IN NADOMESTIL PLA\u010c": {
                    "KRATKORO\u010cNE OBVEZNOSTI ZA PRISPEVKE IZ KOSMATIH PLA\u010c IN NADOMESTIL PLA\u010c": {}
                }, 
                "KRATKORO\u010cNE OBVEZNOSTI ZA VRA\u010cUNANE IN NEOBRA\u010cUNANE PLA\u010cE": {
                    "KRATKORO\u010cNE OBVEZNOSTI ZA VRA\u010cUNANE IN NEOBRA\u010cUNANE PLA\u010cE": {}
                }, 
                "KRATKORO\u010cNE OBVEZNOSTI ZA \u010cISTE PLA\u010cE IN NADOMESTILA PLA\u010c": {
                    "KRATKORO\u010cNE OBVEZNOSTI ZA \u010cISTE PLA\u010cE IN NADOMESTILA PLA\u010c": {}
                }
            }, 
            "KRATKORO\u010cNE OBVEZNOSTI IZ POSLOVANJA ZA TUJ RA\u010cUN": {
                "DRUGE KRATKORO\u010cNE OBVEZNOSTI IZ POSLOVANJA ZA TUJ RA\u010cUN": {
                    "DRUGE KRATKORO\u010cNE OBVEZNOSTI IZ POSLOVANJA ZA TUJ RA\u010cUN": {}
                }, 
                "KRATKORO\u010cNE OBVEZNOSTI DO UVOZNIKOV": {
                    "KRATKORO\u010cNE OBVEZNOSTI DO UVOZNIKOV": {}
                }, 
                "KRATKORO\u010cNE OBVEZNOSTI IZ IZVOZA ZA TUJ RA\u010cUN": {
                    "KRATKORO\u010cNE OBVEZNOSTI IZ IZVOZA ZA TUJ RA\u010cUN": {}
                }, 
                "KRATKORO\u010cNE OBVEZNOSTI IZ KOMISIJSKE IN KONSIGNACIJSKE PRODAJE": {
                    "KRATKORO\u010cNE OBVEZNOSTI IZ KOMISIJSKE IN KONSIGNACIJSKE PRODAJE": {}
                }
            }, 
            "KRATKORO\u010cNE PASIVNE \u010cASOVNE RAZMEJITVE": {
                "DDV OD DANIH PREDUJMOV": {
                    "DDV OD DANIH PREDUJMOV": {}
                }, 
                "KRATKORO\u010cNO ODLO\u017dENI PRIHODKI": {
                    "KRATKORO\u010cNO ODLO\u017dENI PRIHODKI": {}
                }, 
                "VNAPREJ VRA\u010cUNANI STRO\u0160KI OZIROMA ODHODKI": {
                    "VNAPREJ VRA\u010cUNANI STRO\u0160KI OZIROMA ODHODKI": {}
                }
            }, 
            "OBVEZNOSTI DO DR\u017dAVNIH IN DRUGIH IN\u0160TITUCIJ": {
                "DRUGE KRATKORO\u010cNE OBVEZNOSTI DO DR\u017dAVNIH IN DRUGIH IN\u0160TITUCIJ": {
                    "DRUGE KRATKORO\u010cNE OBVEZNOSTI DO DR\u017dAVNIH IN DRUGIH IN\u0160TITUCIJ": {}
                }, 
                "OBVEZNOSTI ZA DAVEK OD DOHODKOV": {
                    "OBVEZNOSTI ZA DAVEK OD DOHODKOV": {}
                }, 
                "OBVEZNOSTI ZA DAVEK OD IZPLA\u010cANIH PLA\u010c": {
                    "OBVEZNOSTI ZA DAVEK OD IZPLA\u010cANIH PLA\u010c": {}
                }, 
                "OBVEZNOSTI ZA DAV\u010cNI ODTEGLJAJ": {
                    "OBVEZNOSTI ZA DAV\u010cNI ODTEGLJAJ": {}
                }, 
                "OBVEZNOSTI ZA DDV, CARINO IN DRUGE DAJATVE OD UVO\u017dENEGA BLAGA": {
                    "OBVEZNOSTI ZA DDV, CARINO IN DRUGE DAJATVE OD UVO\u017dENEGA BLAGA": {}
                }, 
                "OBVEZNOSTI ZA OBRA\u010cUNANI DDV": {
                    "OBVEZNOSTI ZA ZARA\u010cUNANI DDV 20%": {}, 
                    "OBVEZNOSTI ZA ZARA\u010cUNANI DDV 20% IZVEN EU": {}, 
                    "OBVEZNOSTI ZA ZARA\u010cUNANI DDV 20% V EU": {}, 
                    "OBVEZNOSTI ZA ZARA\u010cUNANI DDV 8,5%": {}, 
                    "OBVEZNOSTI ZA ZARA\u010cUNANI DDV 8,5% IZVEN EU": {}, 
                    "OBVEZNOSTI ZA ZARA\u010cUNANI DDV 8,5% V EU": {}
                }, 
                "OBVEZNOSTI ZA PRISPEVKE IZPLA\u010cEVALCA": {
                    "OBVEZNOSTI ZA PRISPEVKE IZPLA\u010cEVALCA": {}
                }
            }, 
            "OBVEZNOSTI, VKLJU\u010cENE V SKUPINE ZA ODTUJITEV": {
                "OBVEZNOSTI, VKLJU\u010cENE V SKUPINE ZA ODTUJITEV": {
                    "OBVEZNOSTI, VKLJU\u010cENE V SKUPINE ZA ODTUJITEV": {}
                }
            }, 
            "PREJETI KRATKORO\u010cNI PREDUJMI IN VAR\u0160\u010cINE": {
                "PREJETE KRATKORO\u010cNE VAR\u0160\u010cINE": {
                    "PREJETE KRATKORO\u010cNE VAR\u0160\u010cINE": {}
                }, 
                "PREJETI KRATKORO\u010cNI PREDUJMI": {
                    "PREJETI KRATKORO\u010cNI PREDUJMI": {
                        "account_type": "Payable"
                    }, 
                    "account_type": "Payable"
                }
            }, 
            "root_type": ""
        }, 
        "ODHODKI IN PRIHODKI": {
            "DRUGI FINAN\u010cNI ODHODKI IN OSTALI ODHODKI": {
                "DENARNE KAZNI": {
                    "DENARNE KAZNI": {}
                }, 
                "ODHODKI IZ ODTUJITVE NALO\u017dBENIH NEPREMI\u010cNIN, IZMERJENIH PO PO\u0160TENI VREDNOSTI": {
                    "ODHODKI IZ ODTUJITVE NALO\u017dBENIH NEPREMI\u010cNIN, IZMERJENIH PO PO\u0160TENI VREDNOSTI": {}
                }, 
                "ODHODKI IZ VREDNOTENJA NALO\u017dBENIH NEPREMI\u010cNIN PO MODELU PO\u0160TENE VREDNOSTI": {
                    "ODHODKI IZ VREDNOTENJA NALO\u017dBENIH NEPREMI\u010cNIN PO MODELU PO\u0160TENE VREDNOSTI": {}
                }, 
                "OD\u0160KODNINE": {
                    "OD\u0160KODNINE": {}
                }, 
                "OSTALI ODHODKI": {
                    "OSTALI ODHODKI": {}
                }
            }, 
            "DRUGI FINAN\u010cNI PRIHODKI IN OSTALI PRIHODKI": {
                "OSTALI PRIHODKI": {
                    "OSTALI PRIHODKI": {}
                }, 
                "PREJETE KAZNI": {
                    "PREJETE KAZNI": {}
                }, 
                "PREJETE OD\u0160KODNINE": {
                    "PREJETE OD\u0160KODNINE": {}
                }, 
                "PRIHODKI IZ ODTUJITVE NALO\u017dBENIH NEPREMI\u010cNIN, IZMERJENIH PO PO\u0160TENI VREDNOSTI": {
                    "PRIHODKI IZ ODTUJITVE NALO\u017dBENIH NEPREMI\u010cNIN, IZMERJENIH PO PO\u0160TENI VREDNOSTI": {}
                }, 
                "PRIHODKI IZ VREDNOTENJA NALO\u017dBENIH NEPREMI\u010cNIN PO PO\u0160TENI VREDNOSTI": {
                    "PRIHODKI IZ VREDNOTENJA NALO\u017dBENIH NEPREMI\u010cNIN PO PO\u0160TENI VREDNOSTI": {}
                }, 
                "SUBVENCIJE, DOTACIJE IN PODOBNI PRIHODKI, KI NISO POVEZANI S POSLOVNIMI U\u010cINKI": {
                    "SUBVENCIJE, DOTACIJE IN PODOBNI PRIHODKI, KI NISO POVEZANI S POSLOVNIMI U\u010cINKI": {}
                }
            }, 
            "FINAN\u010cNI ODHODKI IZ FINAN\u010cNIH NALO\u017dB": {
                "ODHODKI IZ DRUGIH FINAN\u010cNIH OBVEZNOSTI": {
                    "ODHODKI IZ DRUGIH FINAN\u010cNIH OBVEZNOSTI": {}
                }, 
                "ODHODKI IZ DRUGIH POSLOVNIH OBVEZNOSTI": {
                    "ODHODKI IZ DRUGIH POSLOVNIH OBVEZNOSTI": {}
                }, 
                "ODHODKI IZ IZDANIH OBVEZNIC": {
                    "ODHODKI IZ IZDANIH OBVEZNIC": {}
                }, 
                "ODHODKI IZ OBVEZNOSTI DO DOBAVITELJEV IN MENI\u010cNIH OBVEZNOSTI": {
                    "ODHODKI IZ OBVEZNOSTI DO DOBAVITELJEV IN MENI\u010cNIH OBVEZNOSTI": {}
                }, 
                "ODHODKI IZ ODPRAVE PRIPOZNANJA FINAN\u010cNIH NALO\u017dB": {
                    "ODHODKI IZ ODPRAVE PRIPOZNANJA FINAN\u010cNIH NALO\u017dB": {}
                }, 
                "ODHODKI IZ OSLABITVE FINAN\u010cNIH NALO\u017dB": {
                    "ODHODKI IZ OSLABITVE FINAN\u010cNIH NALO\u017dB": {}
                }, 
                "ODHODKI IZ POSLOVNIH OBVEZNOSTI DO DRU\u017dB V SKUPINI": {
                    "ODHODKI IZ POSLOVNIH OBVEZNOSTI DO DRU\u017dB V SKUPINI": {}
                }, 
                "ODHODKI IZ POSOJIL, PREJETIH OD BANK": {
                    "ODHODKI IZ POSOJIL, PREJETIH OD BANK": {}
                }, 
                "ODHODKI IZ POSOJIL, PREJETIH OD DRU\u017dB V SKUPINI": {
                    "ODHODKI IZ POSOJIL, PREJETIH OD DRU\u017dB V SKUPINI": {}
                }, 
                "ODHODKI IZ SREDSTEV, RAZPOREJENIH PO PO\u0160TENI VREDNOSTI PREK POSLOVNEGA IZIDA": {
                    "ODHODKI IZ SREDSTEV, RAZPOREJENIH PO PO\u0160TENI VREDNOSTI PREK POSLOVNEGA IZIDA": {}
                }
            }, 
            "FINAN\u010cNI PRIHODKI IZ FINAN\u010cNIH NALO\u017dB": {
                "FINAN\u010cNI PRIHODKI IZ DELE\u017dEV V DRUGIH DRU\u017dBAH": {
                    "FINAN\u010cNI PRIHODKI IZ DELE\u017dEV V DRUGIH DRU\u017dBAH": {}
                }, 
                "FINAN\u010cNI PRIHODKI IZ DELE\u017dEV V DRU\u017dBAH V SKUPINI": {
                    "FINAN\u010cNI PRIHODKI IZ DELE\u017dEV V DRU\u017dBAH V SKUPINI": {}
                }, 
                "FINAN\u010cNI PRIHODKI IZ DELE\u017dEV V PRIDRU\u017dENIH DRU\u017dBAH IN SKUPAJ OBVLADOVANIH DRU\u017dBAH": {
                    "FINAN\u010cNI PRIHODKI IZ DELE\u017dEV V PRIDRU\u017dENIH DRU\u017dBAH IN SKUPAJ OBVLADOVANIH DRU\u017dBAH": {}
                }, 
                "FINAN\u010cNI PRIHODKI IZ DRUGIH NALO\u017dB": {
                    "FINAN\u010cNI PRIHODKI IZ DRUGIH NALO\u017dB": {}
                }, 
                "FINAN\u010cNI PRIHODKI IZ FINAN\u010cNIH SREDSTEV, RAZPOREJENIH PO PO\u0160TENI VREDNOSTI PREK POSLOVNEGA IZIDA": {
                    "FINAN\u010cNI PRIHODKI IZ FINAN\u010cNIH SREDSTEV, RAZPOREJENIH PO PO\u0160TENI VREDNOSTI PREK POSLOVNEGA IZIDA": {}
                }, 
                "FINAN\u010cNI PRIHODKI IZ POSLOVNIH TERJATEV DO DRUGIH": {
                    "FINAN\u010cNI PRIHODKI IZ POSLOVNIH TERJATEV DO DRUGIH": {}
                }, 
                "FINAN\u010cNI PRIHODKI IZ POSLOVNIH TERJATEV DO DRU\u017dB V SKUPINI": {
                    "FINAN\u010cNI PRIHODKI IZ POSLOVNIH TERJATEV DO DRU\u017dB V SKUPINI": {}
                }, 
                "FINAN\u010cNI PRIHODKI IZ POSOJIL, DANIH DRUGIM (TUDI OD DEPOZITOV)": {
                    "FINAN\u010cNI PRIHODKI IZ POSOJIL, DANIH DRUGIM (TUDI OD DEPOZITOV)": {}
                }, 
                "FINAN\u010cNI PRIHODKI IZ POSOJIL, DANIH DRU\u017dBAM V SKUPINI": {
                    "FINAN\u010cNI PRIHODKI IZ POSOJIL, DANIH DRU\u017dBAM V SKUPINI": {}
                }
            }, 
            "POSLOVNI ODHODKI (I. RAZLI\u010cICA IZKAZA POSLOVNEGA IZIDA)": {
                "DRUGI POSLOVNI ODHODKI": {
                    "DRUGI POSLOVNI ODHODKI": {}
                }, 
                "NABAVNA VREDNOST PRODANIH MATERIALA IN BLAGA": {
                    "NABAVNA VREDNOST PRODANIH MATERIALA IN BLAGA": {}
                }, 
                "VREDNOST PRODANIH POSLOVNIH U\u010cINKOV": {
                    "VREDNOST PRODANIH POSLOVNIH U\u010cINKOV": {}
                }, 
                "VREDNOST USREDSTVENIH LASTNIH PROIZVODOV IN STORITEV": {
                    "VREDNOST USREDSTVENIH LASTNIH PROIZVODOV IN STORITEV": {}
                }
            }, 
            "POSLOVNI ODHODKI (II. RAZLI\u010cICA IZKAZA POSLOVNEGA IZIDA)": {
                "DRUGI STRO\u0160KI, KI SE NE ZADR\u017dUJEJO V ZALOGAH": {
                    "DRUGI STRO\u0160KI, KI SE NE ZADR\u017dUJEJO V ZALOGAH": {}
                }, 
                "NABAVNA VREDNOST PRODANIH MATERIALA IN BLAGA": {
                    "NABAVNA VREDNOST PRODANIH MATERIALA IN BLAGA": {}
                }, 
                "STRO\u0160KI PRODAJANJA": {
                    "STRO\u0160KI PRODAJANJA": {}
                }, 
                "STRO\u0160KI SPLO\u0160NIH DEJAVNOSTI (NABAVE IN UPRAVE)": {
                    "STRO\u0160KI SPLO\u0160NIH DEJAVNOSTI (NABAVE IN UPRAVE)": {}
                }, 
                "VREDNOST PRODANIH POSLOVNIH U\u010cINKOV": {
                    "VREDNOST PRODANIH POSLOVNIH U\u010cINKOV": {}
                }
            }, 
            "POSLOVNI PRIHODKI": {
                "DRUGI PRIHODKI, POVEZANI S POSLOVNIMI U\u010cINKI (SUBVENCIJE, DOTACIJE, REGRESI, KOMPENZACIJE, PREMIJE ...)": {
                    "DRUGI PRIHODKI, POVEZANI S POSLOVNIMI U\u010cINKI (SUBVENCIJE, DOTACIJE, REGRESI, KOMPENZACIJE, PREMIJE ...)": {}
                }, 
                "PREVREDNOTOVALNI POSLOVNI PRIHODKI": {
                    "PREVREDNOTOVALNI POSLOVNI PRIHODKI": {}
                }, 
                "PRIHODKI OD NAJEMNIN": {
                    "PRIHODKI OD NAJEMNIN": {}
                }, 
                "PRIHODKI OD ODPRAVE REZERVACIJ": {
                    "PRIHODKI OD ODPRAVE REZERVACIJ": {}
                }, 
                "PRIHODKI OD POSLOVNIH ZDRU\u017dITEV (PRESE\u017dEK IZ PREVREDNOTENJA - SLABO IME)": {
                    "PRIHODKI OD POSLOVNIH ZDRU\u017dITEV (PRESE\u017dEK IZ PREVREDNOTENJA - SLABO IME)": {}
                }, 
                "PRIHODKI OD PRODAJE PROIZVODOV IN STORITEV NA DOMA\u010cEM TRGU": {
                    "PRIHODKI OD PRODAJE PROIZVODOV IN STORITEV NA DOMA\u010cEM TRGU": {}
                }, 
                "PRIHODKI OD PRODAJE PROIZVODOV IN STORITEV NA TUJEM TRGU": {
                    "PRIHODKI OD PRODAJE PROIZVODOV IN STORITEV NA TUJEM TRGU": {}
                }, 
                "PRIHODKI OD PRODAJE TRGOVSKEGA BLAGA IN MATERIALA NA DOMA\u010cEM TRGU": {
                    "PRIHODKI OD PRODAJE TRGOVSKEGA BLAGA IN MATERIALA NA DOMA\u010cEM TRGU": {}
                }, 
                "PRIHODKI OD PRODAJE TRGOVSKEGA BLAGA IN MATERIALA NA TUJEM TRGU": {
                    "PRIHODKI OD PRODAJE TRGOVSKEGA BLAGA IN MATERIALA NA TUJEM TRGU": {}
                }
            }, 
            "PREVREDNOTOVALNI POSLOVNI ODHODKI": {
                "PREVREDNOTOVALNI POSLOVNI ODHODKI V ZVEZI S KRATKORO\u010cNIMI SREDSTVI, RAZEN S FINAN\u010cNIMI NALO\u017dBAMI": {
                    "PREVREDNOTOVALNI POSLOVNI ODHODKI V ZVEZI S KRATKORO\u010cNIMI SREDSTVI, RAZEN S FINAN\u010cNIMI NALO\u017dBAMI": {}
                }, 
                "PREVREDNOTOVALNI POSLOVNI ODHODKI V ZVEZI S STRO\u0160KI DELA": {
                    "PREVREDNOTOVALNI POSLOVNI ODHODKI V ZVEZI S STRO\u0160KI DELA": {}
                }, 
                "PREVREDNOTOVALNI POSLOVNI ODHODKI V ZVEZI Z NEOPREDMETENIMI SREDSTVI, OPREDMETENIMI OSNOVNIMI SREDSTVI IN NALO\u017dBENIMI NEPREMI\u010cNINAMI RAZPOREJENIMI IN IZMERJENIMI PO MODELU NABAVNE VREDNOSTI": {
                    "PREVREDNOTOVALNI POSLOVNI ODHODKI V ZVEZI Z NEOPREDMETENIMI SREDSTVI, OPREDMETENIMI OSNOVNIMI SREDSTVI IN NALO\u017dBENIMI NEPREMI\u010cNINAMI RAZPOREJENIMI IN IZMERJENIMI PO MODELU NABAVNE VREDNOSTI": {}
                }
            }, 
            "USREDSTVENI LASTNI PROIZVODI IN LASTNE STORITVE": {}, 
            "root_type": ""
        }, 
        "POSLOVNI IZID": {
            "DOBI\u010cEK ALI IZGUBA PRED OBDAV\u010cITVIJO": {
                "DOBI\u010cEK ALI IZGUBA PRED OBDAV\u010cITVIJO": {
                    "DOBI\u010cEK ALI IZGUBA PRED OBDAV\u010cITVIJO": {}
                }
            }, 
            "IZGUBA IN PRENOS IZGUBE": {
                "IZGUBA TEKO\u010cEGA LETA": {
                    "IZGUBA TEKO\u010cEGA LETA": {}
                }, 
                "PRENOS IZGUBE TEKO\u010cEGA LETA": {
                    "PRENOS IZGUBE TEKO\u010cEGA LETA": {}
                }
            }, 
            "RAZPOREDITEV DOBI\u010cKA": {
                "DAVEK OD DOHODKA": {
                    "DAVEK OD DOHODKA": {}
                }, 
                "DRUGI DAVKI, KI NISO IZKAZANI V DRUGIH POSTAVKAH": {
                    "DRUGI DAVKI, KI NISO IZKAZANI V DRUGIH POSTAVKAH": {}
                }, 
                "PRIHODKI (ODHODKI) IZ NASLOVA ODLO\u017dENEGA DAVKA": {
                    "PRIHODKI (ODHODKI) IZ NASLOVA ODLO\u017dENEGA DAVKA": {}
                }, 
                "\u010cISTI DOBI\u010cEK POSLOVNEGA LETA": {
                    "\u010cISTI DOBI\u010cEK POSLOVNEGA LETA": {}
                }
            }, 
            "RAZPOREDITEV \u010cISTEGA DOBI\u010cKA POSLOVNEGA LETA": {
                "PRENOS NEUPORABLJENEGA DELA \u010cISTEGA DOBI\u010cKA POSLOVNEGA LETA": {
                    "PRENOS NEUPORABLJENEGA DELA \u010cISTEGA DOBI\u010cKA POSLOVNEGA LETA": {}
                }, 
                "\u010cISTI DOBI\u010cEK ZA DRUGE REZERVE IZ DOBI\u010cKA": {
                    "\u010cISTI DOBI\u010cEK ZA DRUGE REZERVE IZ DOBI\u010cKA": {}
                }, 
                "\u010cISTI DOBI\u010cEK ZA KRITJE PRENESENIH IZGUB": {
                    "\u010cISTI DOBI\u010cEK ZA KRITJE PRENESENIH IZGUB": {}
                }, 
                "\u010cISTI DOBI\u010cEK ZA OBLIKOVANJE REZERV ZA LASTNE DELNICE OZIROMA DELE\u017dE": {
                    "\u010cISTI DOBI\u010cEK ZA OBLIKOVANJE REZERV ZA LASTNE DELNICE OZIROMA DELE\u017dE": {}
                }, 
                "\u010cISTI DOBI\u010cEK ZA OBLIKOVANJE STATUTARNIH REZERV": {
                    "\u010cISTI DOBI\u010cEK ZA OBLIKOVANJE STATUTARNIH REZERV": {}
                }, 
                "\u010cISTI DOBI\u010cEK ZA OBLIKOVANJE ZAKONSKIH REZERV": {
                    "\u010cISTI DOBI\u010cEK ZA OBLIKOVANJE ZAKONSKIH REZERV": {}
                }
            }, 
            "root_type": ""
        }, 
        "PROSTO": {
            "root_type": ""
        }, 
        "STRO\u0160KI": {
            "AMORTIZACIJA": {
                "AMORTIZACIJA DROBNEGA INVENTARJA": {
                    "AMORTIZACIJA DROBNEGA INVENTARJA": {}
                }, 
                "AMORTIZACIJA DRUGIH OPREDMETENIH OSNOVNIH SREDSTEV": {
                    "AMORTIZACIJA DRUGIH OPREDMETENIH OSNOVNIH SREDSTEV": {}
                }, 
                "AMORTIZACIJA NALO\u017dBENIH NEPREMI\u010cNIN": {
                    "AMORTIZACIJA NALO\u017dBENIH NEPREMI\u010cNIN": {}
                }, 
                "AMORTIZACIJA NEOPREDMETENIH SREDSTEV": {
                    "AMORTIZACIJA NEOPREDMETENIH SREDSTEV": {}
                }, 
                "AMORTIZACIJA OPREME IN NADOMESTNIH DELOV": {
                    "AMORTIZACIJA OPREME IN NADOMESTNIH DELOV": {}
                }, 
                "AMORTIZACIJA ZGRADB": {
                    "AMORTIZACIJA ZGRADB": {}
                }
            }, 
            "DRUGI STRO\u0160KI": {
                "DAJATVE, KI NISO ODVISNE OD STRO\u0160KOV DELA ALI DRUGIH VRST STRO\u0160KOV": {
                    "DAJATVE, KI NISO ODVISNE OD STRO\u0160KOV DELA ALI DRUGIH VRST STRO\u0160KOV": {}
                }, 
                "IZDATKI ZA VARSTVO OKOLJA": {
                    "IZDATKI ZA VARSTVO OKOLJA": {}
                }, 
                "NAGRADE DIJAKOM IN \u0160TUDENTOM NA DELOVNI PRAKSI SKUPAJ Z DAJATVAMI": {
                    "NAGRADE DIJAKOM IN \u0160TUDENTOM NA DELOVNI PRAKSI SKUPAJ Z DAJATVAMI": {}
                }, 
                "OSTALI STRO\u0160KI": {
                    "OSTALI STRO\u0160KI": {}
                }, 
                "\u0160TIPENDIJE DIJAKOM IN \u0160TUDENTOM": {
                    "\u0160TIPENDIJE DIJAKOM IN \u0160TUDENTOM": {}
                }
            }, 
            "PRENOS STRO\u0160KOV": {
                "PRENOS STRO\u0160KOV NEPOSREDNO V ODHODKE": {
                    "PRENOS STRO\u0160KOV NEPOSREDNO V ODHODKE": {}
                }, 
                "PRENOS STRO\u0160KOV V ZALOGE": {
                    "PRENOS STRO\u0160KOV V ZALOGE": {}
                }
            }, 
            "REZERVACIJE": {
                "REZERVACIJE ZA DANA JAMSTVA": {
                    "REZERVACIJE ZA DANA JAMSTVA": {}
                }, 
                "REZERVACIJE ZA KO\u010cLJIVE POGODBE": {
                    "REZERVACIJE ZA KO\u010cLJIVE POGODBE": {}
                }, 
                "REZERVACIJE ZA POKOJNINE, JUBILEJNE NAGRADE IN ODPRAVNINE OB UPOKOJITVI": {
                    "REZERVACIJE ZA POKOJNINE, JUBILEJNE NAGRADE IN ODPRAVNINE OB UPOKOJITVI": {}
                }, 
                "REZERVACIJE ZA POKRIVANJE DRUGIH OBVEZNOSTI IZ PRETEKLEGA POSLOVANJA": {
                    "REZERVACIJE ZA POKRIVANJE DRUGIH OBVEZNOSTI IZ PRETEKLEGA POSLOVANJA": {}
                }, 
                "REZERVACIJE ZA STRO\u0160KE REORGANIZACIJE PODJETJA": {
                    "REZERVACIJE ZA STRO\u0160KE REORGANIZACIJE PODJETJA": {}
                }
            }, 
            "STRO\u0160KI DELA": {
                "DELODAJAL\u010cEVI PRISPEVKI OD PLA\u010c, NADOMESTIL PLA\u010c, BONITET, POVRA\u010cIL IN DRUGIH PREJEMKOV ZAPOSLENCEV": {
                    "DELODAJAL\u010cEVI PRISPEVKI OD PLA\u010c, NADOMESTIL PLA\u010c, BONITET, POVRA\u010cIL IN DRUGIH PREJEMKOV ZAPOSLENCEV": {}
                }, 
                "DRUGE DELODAJAL\u010cEVE DAJATVE OD PLA\u010c, NADOMESTIL PLA\u010c, BONITET, POVRA\u010cIL IN DRUGIH PREJEMKOV ZAPOSLENCEV": {
                    "DRUGE DELODAJAL\u010cEVE DAJATVE OD PLA\u010c, NADOMESTIL PLA\u010c, BONITET, POVRA\u010cIL IN DRUGIH PREJEMKOV ZAPOSLENCEV": {}
                }, 
                "NADOMESTILA PLA\u010c ZAPOSLENCEV": {
                    "NADOMESTILA PLA\u010c ZAPOSLENCEV": {}
                }, 
                "NAGRADE VAJENCEM SKUPAJ Z DAJATVAMI, KI BREMENIJO PODJETJE": {
                    "NAGRADE VAJENCEM SKUPAJ Z DAJATVAMI, KI BREMENIJO PODJETJE": {}
                }, 
                "PLA\u010cE ZAPOSLENCEV": {
                    "PLA\u010cE ZAPOSLENCEV": {}
                }, 
                "REGRES ZA LETNI DOPUST, BONITETE, POVRA\u010cILA (ZA PREVOZ NA DELO IN Z NJEGA, ZA PREHRANO, ZA LO\u010cENO \u017dIVLJENJE) IN DRUGI PREJEMKI ZAPOSLENCEV": {
                    "REGRES ZA LETNI DOPUST, BONITETE, POVRA\u010cILA (ZA PREVOZ NA DELO IN Z NJEGA, ZA PREHRANO, ZA LO\u010cENO \u017dIVLJENJE) IN DRUGI PREJEMKI ZAPOSLENCEV": {}
                }, 
                "STRO\u0160KI DODATNEGA POKOJNINSKEGA ZAVAROVANJA ZAPOSLENCEV": {
                    "STRO\u0160KI DODATNEGA POKOJNINSKEGA ZAVAROVANJA ZAPOSLENCEV": {}
                }
            }, 
            "STRO\u0160KI MATERIALA": {
                "DRUGI STRO\u0160KI MATERIALA": {
                    "DRUGI STRO\u0160KI MATERIALA": {}
                }, 
                "ODPIS DROBNEGA INVENTARJA IN EMBALA\u017dE": {
                    "ODPIS DROBNEGA INVENTARJA IN EMBALA\u017dE": {}
                }, 
                "STRO\u0160KI ENERGIJE": {
                    "STRO\u0160KI ENERGIJE": {}
                }, 
                "STRO\u0160KI MATERIALA": {
                    "STRO\u0160KI MATERIALA": {}
                }, 
                "STRO\u0160KI NADOMESTNIH DELOV ZA OSNOVNA SREDSTVA IN MATERIALA ZA VZDR\u017dEVANJE OSNOVNIH SREDSTEV": {
                    "STRO\u0160KI NADOMESTNIH DELOV ZA OSNOVNA SREDSTVA IN MATERIALA ZA VZDR\u017dEVANJE OSNOVNIH SREDSTEV": {}
                }, 
                "STRO\u0160KI PISARNI\u0160KEGA MATERIALA IN STROKOVNE LITERATURE": {
                    "STRO\u0160KI PISARNI\u0160KEGA MATERIALA IN STROKOVNE LITERATURE": {}
                }, 
                "STRO\u0160KI POMO\u017dNEGA MATERIALA": {
                    "STRO\u0160KI POMO\u017dNEGA MATERIALA": {}
                }, 
                "USKLADITEV STRO\u0160KOV MATERIALA IN DROBNEGA INVENTARJA ZARADI UGOTOVLJENIH POPISNIH RAZLIK": {
                    "USKLADITEV STRO\u0160KOV MATERIALA IN DROBNEGA INVENTARJA ZARADI UGOTOVLJENIH POPISNIH RAZLIK": {}
                }
            }, 
            "STRO\u0160KI OBRESTI": {
                "STRO\u0160KI OBRESTI": {
                    "STRO\u0160KI OBRESTI": {}
                }
            }, 
            "STRO\u0160KI STORITEV": {
                "NAJEMNINE": {
                    "NAJEMNINE": {}
                }, 
                "POVRA\u010cILA STRO\u0160KOV ZAPOSLENCEM V ZVEZI Z DELOM": {
                    "POVRA\u010cILA STRO\u0160KOV ZAPOSLENCEM V ZVEZI Z DELOM": {}
                }, 
                "STRO\u0160KI DRUGIH STORITEV": {
                    "STRO\u0160KI DRUGIH STORITEV": {}
                }, 
                "STRO\u0160KI INTELEKTUALNIH IN OSEBNIH STORITEV": {
                    "STRO\u0160KI INTELEKTUALNIH IN OSEBNIH STORITEV": {}
                }, 
                "STRO\u0160KI PLA\u010cILNEGA PROMETA, STRO\u0160KI BAN\u010cNIH STORITEV, STRO\u0160KI POSLOV IN ZAVAROVALNE PREMIJE": {
                    "STRO\u0160KI PLA\u010cILNEGA PROMETA, STRO\u0160KI BAN\u010cNIH STORITEV, STRO\u0160KI POSLOV IN ZAVAROVALNE PREMIJE": {}
                }, 
                "STRO\u0160KI SEJMOV, REKLAME IN REPREZENTANCE": {
                    "STRO\u0160KI SEJMOV, REKLAME IN REPREZENTANCE": {}
                }, 
                "STRO\u0160KI STORITEV FIZI\u010cNIH OSEB, KI NE OPRAVLJAJO DEJAVNOSTI, SKUPAJ Z DAJATVAMI, KI BREMENIJO PODJETJE (STRO\u0160KI PO POGODBAH O DELU, AVTORSKIH POGODBAH, SEJNINE ZAPOSLENCEM IN DRUGIM OSEBAM \u2026)": {
                    "STRO\u0160KI STORITEV FIZI\u010cNIH OSEB, KI NE OPRAVLJAJO DEJAVNOSTI, SKUPAJ Z DAJATVAMI, KI BREMENIJO PODJETJE (STRO\u0160KI PO POGODBAH O DELU, AVTORSKIH POGODBAH, SEJNINE ZAPOSLENCEM IN DRUGIM OSEBAM \u2026)": {}
                }, 
                "STRO\u0160KI STORITEV PRI USTVARJANJU PROIZVODOV IN OPRAVLJANJU STORITEV": {
                    "STRO\u0160KI STORITEV PRI USTVARJANJU PROIZVODOV IN OPRAVLJANJU STORITEV": {}
                }, 
                "STRO\u0160KI STORITEV V ZVEZI Z VZDR\u017dEVANJEM": {
                    "STRO\u0160KI STORITEV V ZVEZI Z VZDR\u017dEVANJEM": {}
                }, 
                "STRO\u0160KI TRANSPORTNIH STORITEV": {
                    "STRO\u0160KI TRANSPORTNIH STORITEV": {}
                }
            }, 
            "root_type": ""
        }, 
        "ZALOGE PROIZVODOV, STORITEV, BLAGA IN NEKRATKORO\u010cNIH SREDSTEV (SKUPINE ZA ODTUJITEV) ZA PRODAJO": {
            "NEDOKON\u010cANE PROIZVODNJA IN STORITVE": {
                "NEDOKON\u010cANA PROIZVODNJA": {
                    "NEDOKON\u010cANA PROIZVODNJA": {}
                }, 
                "NEDOKON\u010cANE STORITVE": {
                    "NEDOKON\u010cANE STORITVE": {}
                }, 
                "ODMIKI OD CEN NEDOKON\u010cANIH PROIZVODNJE IN STORITEV": {
                    "ODMIKI OD CEN NEDOKON\u010cANIH PROIZVODNJE IN STORITEV": {}
                }, 
                "POLIZDELKI": {
                    "POLIZDELKI": {}
                }, 
                "PROIZVODNJA V DODELAVI IN PREDELAVI": {
                    "PROIZVODNJA V DODELAVI IN PREDELAVI": {}
                }
            }, 
            "NEKRATKORO\u010cNA SREDSTVA (SKUPINE ZA ODTUJITEV) ZA PRODAJO": {
                "DRUGA NEKRATKORO\u010cNA SREDSTVA, NAMENJENA PRODAJI": {
                    "DRUGA NEKRATKORO\u010cNA SREDSTVA, NAMENJENA PRODAJI": {}
                }, 
                "NALO\u017dBENE NEPREMI\u010cNINE, VREDNOTENE PO MODELU NABAVNE VREDNOSTI, NAMENJENE PRODAJI": {
                    "NALO\u017dBENE NEPREMI\u010cNINE, VREDNOTENE PO MODELU NABAVNE VREDNOSTI, NAMENJENE PRODAJI": {}
                }, 
                "OPREDMETENA OSNOVNA SREDSTVA, NAMENJENA PRODAJI": {
                    "OPREDMETENA OSNOVNA SREDSTVA, NAMENJENA PRODAJI": {}
                }, 
                "SREDSTVA DELA DENAR USTVARJAJO\u010cE ENOTE, NAMENJENA PRODAJI": {
                    "SREDSTVA DELA DENAR USTVARJAJO\u010cE ENOTE, NAMENJENA PRODAJI": {}
                }, 
                "SREDSTVA DENAR USTVARJAJO\u010cE ENOTE, NAMENJENA PRODAJI": {
                    "SREDSTVA DENAR USTVARJAJO\u010cE ENOTE, NAMENJENA PRODAJI": {}
                }
            }, 
            "OBRA\u010cUN NABAVE BLAGA": {
                "OBRA\u010cUN NABAVE BLAGA": {
                    "OBRA\u010cUN NABAVE BLAGA": {}
                }, 
                "ODVISNI STRO\u0160KI NABAVE BLAGA": {
                    "ODVISNI STRO\u0160KI NABAVE BLAGA": {}
                }, 
                "VREDNOST BLAGA PO OBRA\u010cUNIH DOBAVITELJEV": {
                    "VREDNOST BLAGA PO OBRA\u010cUNIH DOBAVITELJEV": {}
                }
            }, 
            "PROIZVODI": {
                "ODMIKI OD CEN PROIZVODOV": {
                    "ODMIKI OD CEN PROIZVODOV": {}
                }, 
                "PROIZVODI NA POTI": {
                    "PROIZVODI NA POTI": {}
                }, 
                "PROIZVODI V DODELAVI IN PREDELAVI": {
                    "PROIZVODI V DODELAVI IN PREDELAVI": {}
                }, 
                "PROIZVODI V LASTNEM SKLADI\u0160\u010cU": {
                    "PROIZVODI V LASTNEM SKLADI\u0160\u010cU": {}
                }, 
                "PROIZVODI V LASTNI PRODAJALNI": {
                    "PROIZVODI V LASTNI PRODAJALNI": {}
                }, 
                "PROIZVODI V TUJEM SKLADI\u0160\u010cU": {
                    "PROIZVODI V TUJEM SKLADI\u0160\u010cU": {}
                }, 
                "VRA\u010cUNANI DDV OD PROIZVODOV V PRODAJALNI": {
                    "VRA\u010cUNANI DDV OD PROIZVODOV V PRODAJALNI": {}
                }
            }, 
            "ZALOGE BLAGA": {
                "BLAGO NA POTI": {
                    "BLAGO NA POTI": {}
                }, 
                "BLAGO V LASTNEM SKLADI\u0160\u010cU": {
                    "BLAGO V LASTNEM SKLADI\u0160\u010cU": {}
                }, 
                "BLAGO V LASTNI PRODAJALNI": {
                    "BLAGO V LASTNI PRODAJALNI": {}
                }, 
                "BLAGO V TUJEM SKLADI\u0160\u010cU": {
                    "BLAGO V TUJEM SKLADI\u0160\u010cU": {}
                }, 
                "DDV, VRA\u010cUNAN V ZALOGAH BLAGA": {
                    "DDV, VRA\u010cUNAN V ZALOGAH BLAGA": {}
                }, 
                "VRA\u010cUNANA RAZLIKA V CENAH ZALOG BLAGA": {
                    "VRA\u010cUNANA RAZLIKA V CENAH ZALOG BLAGA": {}
                }
            }, 
            "root_type": ""
        }, 
        "ZALOGE SUROVIN IN MATERIALA": {
            "OBRA\u010cUN NABAVE SUROVIN IN MATERIALA (TUDI DROBNEGA INVENTARJA IN EMBALA\u017dE)": {
                "CARINA IN DRUGE UVOZNE DAV\u0160\u010cINE OD SUROVIN IN MATERIALA": {
                    "CARINA IN DRUGE UVOZNE DAV\u0160\u010cINE OD SUROVIN IN MATERIALA": {}
                }, 
                "DDV IN DRUGE DAV\u0160\u010cINE OD SUROVIN IN MATERIALA": {
                    "DDV IN DRUGE DAV\u0160\u010cINE OD SUROVIN IN MATERIALA": {}
                }, 
                "OBRA\u010cUN NABAVE SUROVIN IN MATERIALA": {
                    "OBRA\u010cUN NABAVE SUROVIN IN MATERIALA": {}
                }, 
                "ODVISNI STRO\u0160KI NABAVE SUROVIN IN MATERIALA": {
                    "ODVISNI STRO\u0160KI NABAVE SUROVIN IN MATERIALA": {}
                }, 
                "VREDNOST SUROVIN IN MATERIALA PO OBRA\u010cUNIH DOBAVITELJEV": {
                    "VREDNOST SUROVIN IN MATERIALA PO OBRA\u010cUNIH DOBAVITELJEV": {}
                }
            }, 
            "ZALOGE DROBNEGA INVENTARJA IN EMBALA\u017dE": {
                "ODMIKI OD CEN DROBNEGA INVENTARJA IN EMBALA\u017dE": {
                    "ODMIKI OD CEN DROBNEGA INVENTARJA IN EMBALA\u017dE": {}
                }, 
                "ZALOGE DROBNEGA INVENTARJA IN EMBALA\u017dE V SKLADI\u0160\u010cU": {
                    "ZALOGE DROBNEGA INVENTARJA IN EMBALA\u017dE V SKLADI\u0160\u010cU": {}
                }, 
                "ZALOGE DROBNEGA INVENTARJA IN EMBALA\u017dE, DANE V UPORABO": {
                    "ZALOGE DROBNEGA INVENTARJA IN EMBALA\u017dE, DANE V UPORABO": {}
                }
            }, 
            "ZALOGE SUROVIN IN MATERIALA": {
                "ODMIKI OD CEN ZALOG SUROVIN IN MATERIALA": {
                    "ODMIKI OD CEN ZALOG SUROVIN IN MATERIALA": {}
                }, 
                "ZALOGE SUROVIN IN MATERIALA NA POTI": {
                    "ZALOGE SUROVIN IN MATERIALA NA POTI": {}
                }, 
                "ZALOGE SUROVIN IN MATERIALA V DODELAVI IN PREDELAVI": {
                    "ZALOGE SUROVIN IN MATERIALA V DODELAVI IN PREDELAVI": {}
                }, 
                "ZALOGE SUROVIN IN MATERIALA V SKLADI\u0160\u010cU": {
                    "ZALOGE SUROVIN IN MATERIALA V SKLADI\u0160\u010cU": {}
                }
            }, 
            "root_type": ""
        }
    }
}