{
    "country_code": "th",
    "name": "Thailand Chart of Accounts",
    "tree": {
        "Assets": {
            "Account Receivable": {},
            "Building": {
                "Accumulated Depreciation - Building": {}
            },
            "Cash": {
                "Cash at Bank": {},
                "Petty Cash": {}
            },
            "Equipment": {
                "Accumulated Depreciation - Equipment": {}
            },
            "Input VAT": {},
            "Inventory": {},
            "Outstanding Cheques": {},
            "Withholding Income Tax": {},
            "root_type": "Asset"
        },
        "Equity": {
            "Capital Stock": {},
            "Dividends": {},
            "Income Summary": {},
            "Retained Earnings": {},
            "root_type": "Equity"
        },
        "Expenses": {
            "Cost of goods sold": {},
            "Income tax expenses": {},
            "Interest expenses": {},
            "Office Expenses": {},
            "Rent": {},
            "Salary": {},
            "root_type": "Expense"
        },
        "Income": {
            "Income": {},
            "root_type": "Income"
        },
        "Liabilities": {
            "Account Payable": {},
            "Accrued Expenses": {},
            "Loans": {},
            "Output VAT": {},
            "Uninvoiced Receipts": {},
            "Withholding Tax": {},
            "root_type": "Liability"
        }
    }
}
