{
    "country_code": "uy",
    "name": "Plan de Cuentas",
    "tree": {
        "ACTIVO": {
            "ACTIVO CORRIENTE": {
                "BIENES DE CAMBIO": {
                    "Importaciones en tramite": {},
                    "Materiales y Suministros": {},
                    "Materias Primas": {},
                    "Mercaderia de Reventa": {},
                    "Prevision p/desvalorizaciones": {},
                    "Productos Terminados": {},
                    "Productos en Proceso": {}
                },
                "CREDITOS POR VENTAS": {
                    "Cheques en Cartera ME": {},
                    "Cheques en Cartera MN": {},
                    "Deudores Simples Plaza": {},
                    "Deudores Varios (def)": {},
                    "Deudores por Exportaciones": {},
                    "Documentos a Cobrar ME": {},
                    "Documentos a Cobrar MN": {},
                    "Ingresos diferidos": {},
                    "Intereses percibidos por adelantado": {},
                    "Prevision p/dtos y Bonificaciones": {},
                    "Prevision para Deudores Incobrables": {}
                },
                "DGI ANTICIPOS": {
                    "Diversos": {
                        "account_type": "Tax"
                    },
                    "Icosa Anticipo": {
                        "account_type": "Tax"
                    },
                    "Ingresos diferidos": {},
                    "Ingresos percibidos por adelantado": {},
                    "Irae Anticipo": {
                        "account_type": "Tax"
                    },
                    "Patrimonio Anticipo": {
                        "account_type": "Tax"
                    },
                    "Prevision para Deudores Incobrables": {}
                },
                "DGI IVA x COMPRAS": {
                    "Iva Anticipo Importaci\u00f3n": {
                        "account_type": "Tax"
                    },
                    "Iva Compras B\u00e1sica": {
                        "account_type": "Tax"
                    },
                    "Iva Compras M\u00ednima": {
                        "account_type": "Tax"
                    },
                    "Iva Importaci\u00f3n": {
                        "account_type": "Tax"
                    },
                    "Iva Pagos": {
                        "account_type": "Tax"
                    },
                    "Iva Retenciones": {
                        "account_type": "Tax"
                    }
                },
                "DISPONIBILIDADES": {
                    "Banco Cuenta Corriente": {},
                    "Banco Cuenta Corriente ME": {},
                    "Caja Moneda Extranjera": {},
                    "Caja Moneda Nacional": {},
                    "Movimientos Banco (def)": {}
                },
                "INVERSIONES TEMPORARIAS": {
                    "Dep\u00f3sitos Bancarios": {},
                    "Intereses percibidos por adelantado": {},
                    "Previsi\u00f3n para desvalorizaciones": {},
                    "Valores P\u00fablicos": {}
                },
                "OTROS CREDITOS": {
                    "Anticipos a Proveedores": {},
                    "Casa Matriz, Empresas Controlantes": {},
                    "Controladas / Vinculadas": {},
                    "Depositos en Garantia": {},
                    "Pagos adelantados": {},
                    "Saldos Deudor de ctas de Directores": {}
                }
            },
            "ACTIVO NO CORRIENTE": {
                "BIENES DE CAMBIO NO CORRIENTES": {
                    "Bienes de cambio no corrientes": {}
                },
                "BIENES DE USO": {
                    "Amort.Ac.Inmuebles": {},
                    "Amort.Ac.Maq.y Herram.": {},
                    "Amort.Ac.Mueb.y Utiles": {},
                    "Amort.Ac.Vehiculos": {},
                    "Inmuebles": {},
                    "Maquinas y Herramientas": {},
                    "Muebles y \u00datiles": {},
                    "Veh\u00edculos": {}
                },
                "CREDITOS A LARGO PLAZO": {
                    "Cr\u00e9ditos a Largo Plazo": {}
                },
                "INTANGIBLES": {
                    "Amortizaciones Acumuladas": {},
                    "Gastos de investigacion": {},
                    "Patentes, marcas y licencias": {}
                },
                "INVERSIONES A LARGO PLAZO": {
                    "Depositos Bancarios": {},
                    "Inmuebles": {},
                    "Intereses percibidos por adelantado": {},
                    "Menos: Amort. Acum.": {},
                    "Prevision para Desvalorizaciones": {},
                    "Titulos y Acciones": {},
                    "Valores orig. y revaluados s/anexo": {}
                }
            },
            "root_type": "Asset"
        },
        "GANANCIAS": {
            "INGRESOS FINANCIEROS": {
                "Descuentos Obtenidos": {},
                "Diferencias de Cambio ganadas": {},
                "Intereses ganados": {}
            },
            "Ingresos Operativos (def)": {},
            "VENTAS EXTRAORDINARIAS": {
                "Ventas extraordinarias": {}
            },
            "VENTAS ORDINARIAS": {
                "Ventas Exentas": {},
                "Ventas Tasa B\u00e1sica": {},
                "Ventas Tasa M\u00ednima": {},
                "Ventas por Exportaciones": {}
            },
            "root_type": "Income"
        },
        "ORDEN ACTIVO": {
            "Acciones a Emitir": {},
            "Suscriptores de acciones": {},
            "root_type": "Asset"
        },
        "ORDEN PASIVO": {
            "Capital Autorizado a Suscribir": {},
            "Capital suscripto": {},
            "root_type": "Liability"
        },
        "PASIVO": {
            "PASIVO CORRIENTE": {
                "DEUDAS COMERCIALES": {
                    "Acreedores Varios (def)": {},
                    "Deuds. Contratos de Cambio Import.": {},
                    "Documentos a Pagar ds/Comerciales": {},
                    "Intereses a vencer ds/Comerciales": {},
                    "Proveedores de Plaza": {},
                    "Proveedores por Importaciones": {}
                },
                "DEUDAS DIVERSAS": {
                    "Acreedores fiscales": {},
                    "Acreedores por Cargas Sociales": {},
                    "Casa Matriz, Empresas Controlantes,": {},
                    "Cobros Anticipados": {},
                    "Controladas/Vinculadas": {},
                    "DGI ICOSA": {
                        "Icosa Anticipo a Pagar": {
                            "account_type": "Tax"
                        },
                        "Icosa a Pagar": {
                            "account_type": "Tax"
                        },
                        "Icosa del Ejercicio": {
                            "account_type": "Tax"
                        }
                    },
                    "DGI IRAE": {
                        "Irae Anticipo a Pagar": {
                            "account_type": "Tax"
                        },
                        "Irae a Pagar": {
                            "account_type": "Tax"
                        },
                        "Irae del Ejercicio": {
                            "account_type": "Tax"
                        }
                    },
                    "DGI PATRIMONIO": {
                        "Patrimonio Anticipo a Pagar": {
                            "account_type": "Tax"
                        },
                        "Patrimonio a Pagar": {
                            "account_type": "Tax"
                        },
                        "Patrimonio del Ejercicio": {
                            "account_type": "Tax"
                        }
                    },
                    "Dividendos a Pagar": {},
                    "Otras deudas": {},
                    "Saldos Acreedores Cuentas Directores": {},
                    "Sueldos y Jornales a pagar": {}
                },
                "DEUDAS FINANCIERAS": {
                    "Documentos a pagar ME a pagar ds/Financieras": {},
                    "Documentos a pagar MN a pagar ds/Financieras": {},
                    "Ints. a vencer ds/Financieras": {},
                    "Obligaciones": {},
                    "Prestamos Bancarios": {}
                },
                "DGI IVA x VENTAS": {
                    "Bps": {
                        "account_type": "Tax"
                    },
                    "Irpf Retenido": {
                        "account_type": "Tax"
                    },
                    "Iva Retenido": {
                        "account_type": "Tax"
                    },
                    "Iva Ventas B\u00e1sica": {
                        "account_type": "Tax"
                    },
                    "Iva Ventas M\u00ednima": {
                        "account_type": "Tax"
                    },
                    "Iva a Pagar": {
                        "account_type": "Tax"
                    }
                },
                "PREVISIONES": {
                    "Responsabilidad frente a terceros": {}
                }
            },
            "PASIVO NO CORRIENTE": {
                "DEUDAS COMERCIALES": {
                    "Deudas Comerciales": {}
                },
                "DEUDAS DIVERSAS": {
                    "Deudas Diversas": {}
                },
                "DEUDAS FINANCIERAS": {
                    "Deudas Financieras": {}
                },
                "PREVISIONES NO CORRIENTES": {
                    "Previsiones No Corrientes": {}
                }
            },
            "root_type": "Liability"
        },
        "PATRIMONIO": {
            "AJUSTES AL PATRIMONIO": {
                "AJUSTES PATRIMONIO (H)": {
                    "Revaluaciones fiscales": {
                        "account_type": "Equity"
                    },
                    "Revaluaciones voluntarias": {
                        "account_type": "Equity"
                    }
                }
            },
            "APORTE DE PROPIETARIOS/SOCIOS": {
                "APORTES A CAPITALIZAR": {},
                "CAPITAL": {
                    "Capital Integrado": {
                        "account_type": "Equity"
                    }
                }
            },
            "GANANCIAS RETENIDAS": {
                "RESERVAS": {
                    "P\u00e9rdidas y Ganancias": {
                        "account_type": "Equity"
                    },
                    "Reservas Legales": {
                        "account_type": "Equity"
                    },
                    "Reservas Voluntarias": {
                        "account_type": "Equity"
                    }
                },
                "RESULTADOS ACUMULADOS": {
                    "Dividendos provisorios": {
                        "account_type": "Equity"
                    },
                    "Resultados del ejercicio": {
                        "account_type": "Equity"
                    }
                }
            },
            "root_type": "Asset"
        },
        "PERDIDAS": {
            "AMORTIZACIONES": {
                "Amortizaciones": {}
            },
            "COSTO DE LO VENDIDO": {
                "Costo de Mercader\u00edas": {},
                "Costo de Venta de Bienes de Uso": {},
                "Costos de lo vendido": {}
            },
            "GASTOS DE ADMINISTRACION Y VENTAS": {
                "Alquileres": {},
                "Cargas Sociales": {},
                "Combustible": {},
                "Comunicaciones y Servicios Telef\u00f3nicos": {},
                "Energ\u00eda El\u00e9ctrica y Aguas Corrientes": {},
                "Fletes": {},
                "Gastos Varios (def)": {},
                "Honorarios Profesionales": {},
                "Mantenimiento Veh\u00edculos": {},
                "Papeler\u00eda": {},
                "Publicidad": {},
                "Representaci\u00f3n": {},
                "Seguros": {},
                "Servicios Contratados": {},
                "Sueldos y Jornales": {}
            },
            "GASTOS FINANCIEROS": {
                "Descuentos Concedidos": {},
                "Diferencias de Cambio perdidas": {},
                "Intereses y Gastos Bancarios": {},
                "Multas y Recargos Fiscales": {}
            },
            "OBLIGACIONES TRIBUTARIAS": {
                "Contribuciones": {},
                "IVA x VENTAS": {
                    "IVA ventas 10%": {
                        "account_type": "Tax"
                    },
                    "IVA ventas 22%": {
                        "account_type": "Tax"
                    }
                },
                "Otros": {},
                "Retenciones": {}
            },
            "root_type": "Expense"
        }
    }
}
