{
 "add_total_row": 0, 
 "apply_user_permissions": 1, 
 "creation": "2013-07-30 17:28:49", 
 "disabled": 0, 
 "docstatus": 0, 
 "doctype": "Report", 
 "idx": 1, 
 "is_standard": "Yes", 
 "modified": "2016-04-04 17:27:19.104519", 
 "modified_by": "Administrator", 
 "module": "Accounts", 
 "name": "Delivered Items To Be Billed", 
 "owner": "Administrator", 
 "query": "select\n    `tabDelivery Note`.`name` as \"Delivery Note:Link/Delivery Note:120\",\n\t`tabDelivery Note`.`customer` as \"Customer:Link/Customer:120\",\n\t`tabDelivery Note`.`posting_date` as \"Date:Date\",\n\t`tabDelivery Note`.`project` as \"Project\",\n\t`tabDelivery Note Item`.`item_code` as \"Item:Link/Item:120\",\n\t`tabDelivery Note Item`.`billed_amt` as \"Pending Amount:Currency:110\",\n\t`tabDelivery Note Item`.`item_name` as \"Item Name::150\",\n\t`tabDelivery Note Item`.`description` as \"Description::200\",\n\t`tabDelivery Note`.`company` as \"Company:Link/Company:\"\nfrom `tabDelivery Note`, `tabDelivery Note Item`\nwhere\n    `tabDelivery Note`.docstatus = 1 and\n\t`tabDelivery Note`.`status` not in (\"Stopped\", \"Closed\") and\n    `tabDelivery Note`.name = `tabDelivery Note Item`.parent and\n    `tabDelivery Note`.per_billed < 100\norder by `tabDelivery Note`.`name` desc", 
 "ref_doctype": "Sales Invoice", 
 "report_name": "Delivered Items To Be Billed", 
 "report_type": "Query Report"
}